{"file_hashes":[{"block_hashes":["dGheD59juTwxw6e2O147krl7FpNzMSneptLdkO3PmDY=","AeqvAJySzxOnIBR/9Dj5iHk3YUu+CSgj2gvRXlrCSdQ=","rDqMSmQyb8U3Y6sydmRm/Gw94lUyrSty54b4Hy2Qkoo=","h/EFRrtU6NndclPN+cAx6Fu2Jt2VOMafwdCgXrECFTE=","KMG/eJzZv5QkgBT+jKegFL+Hatmlx9A41pxWrFsw84Y=","bxFtQGnlIzXe97jJmhegO4Fggp9pVDPizPpo99fhMNc=","9pJty5vA/PBVwIrWZme2upw5tIXwjpDIILfjA7ciw4A=","9mL36xcDHRAHrQH7C45vfUcttzNFVv1t/fx3LpftR80=","trfmB2v1xmMcGH1+PRdXSmDyjQf2AAdvBaUBXDvHBko=","lmHsEySoc8RQSVEuouAVStt83lLf8JSNL1inFPxGeqQ=","voFRwbkffMAKl4Vnhq5tViN4OXwSfsbr8AqFb40U7po=","CLGIOamMeizlE7IWpYbH6WCEovZm6zYncUkAIovs398=","6FsmnB5zbjODLLMN0MiUX8wJDKww/KshXpsnZyV3sqA=","Ll9Rsh8qVeBD8ZVCjvn2mKzVE8N+DwGKtKRAIlrK1lk=","c/iZ3qBpUJ7xMTZ94DeVczGEyVCfjF3m87y4/JNAndc=","kWQeHdhQI978VYeSG1E0sd4tU9NfqQYSZnX1M2mG+Xs=","V7XlGUHc9Oyl1GwcuH4AZMB2VjI6VqieWKFPk5oHYGI=","Ifvpi7+7n3IQHeDoq0KJ2YHSaPWZJG5OdTRnsqS5bhI=","TYayQoEUWBk6qWzVDis0UbvGHjl7+MOy621R1jyjVlU=","b8RYktfQmyY/B4GW/c1Zb6RBYYPb9CxZOSds7vJQDxg=","8V2S+3WRPnTOGpaq86dg9KkCxF4xgum1ImZuxi6en/g=","SBw//Z4vfR3Tu+qjbVCrg3V5MhR1tZQmGLrcrpOqotk=","N2EPE36cocsdXjHPSJXuTAmBOxpAWH16axLJlpCX990=","GBawMRUhROKsUXbMfXewpnRO9y4B/OLUO1aW/6VxpRU=","Jw/DDZdMMLYsRjaZMNTh0hgUwAiWeESj5YrFyvN92r4=","JsaAiCchOvVhjju1qEgqHlYJBfYHJ4aZUwWAdOegiJU=","Y1Xuv9ATdcACVKn+i/keNIbiHaviYQYrzhFNflcnKWk=","BOiHClHZh9vFR+11Jj/7d40GmaE1F7nSeKGooppoWyc=","hVUgSLA+F6DaCuvIR6AHoqbqOlT2KZCkgkjnrSuW2j8=","KHtHRpiUTD/bHH4GrISuys0PKVB+8eG2kko7Pag2BFI=","tgYjsc6Nrgo9/BkOwiCY7IBMkcapHrlIa/ldk7n7GYc=","t0WQQofBRg8T3+CgP0rtdzysecv1IBXTSuRYILfM3jk=","0kr8l6e40s4050FYh71xMYIxOmnjgeltrOQ9g9I6rXM="],"block_size":4096,"path":"bootstrap.js"},{"block_hashes":["X+AI5TGHbg0FbW4JLIGlSsw2yTt7cOJBZXt1i/8W0ek="],"block_size":4096,"path":"controllers/Background.js"},{"block_hashes":["zjEb/QUPyHCG+Yiciw7C3dPEwjf0CpBOOF+rBECnbQE="],"block_size":4096,"path":"controllers/Insertion.js"},{"block_hashes":["rEdX5+dpa51XQmNItjHpaF2WjPXDeTIqNruhNU6GTTY="],"block_size":4096,"path":"controllers/PopUp.js"},{"block_hashes":["16H89SAL/EzhjQKJeOmEmxKiq3ODqEtPrRNAxXQfmQk="],"block_size":4096,"path":"controllers/frame.js"},{"block_hashes":["RfOR+afFGIJBRgvDTxVczkka8E2d7UC8rbK3hLQ2HyQ=","rVVQytnVBoR+Q6W5S9epkvwjDRnlweLhNqTvIz8diUs=","oRHdRJkpMaDK8w+6q0GNK1iXsiMlnua7kIevvTo1rZA=","3I4E0jaCbiXKbNWBagE5rMygGw5Hq1D24N4FGPnHNW8=","ag9RtE6hhK27jbIU/L3O4qVLkZjMQ9yOkrvxertav7Q=","+ju44D/1DSPgDVXiyH3wuKThFq3nUMKAEfsgVImevGk=","zTqIzCNCpOBziT30DAwAWAPIQysL4cDfaIU+XF597x0=","ftJnLXdOIAzmMb4JbYWKgx4vBI8gufsF/h4wfmYydec=","WRXYdVbxM01Iyyc9I+9WZeeb2k39cbszEK9f18marpY=","4KVE0guUiU+0ZJAbiO9JeVddx9zS8zjZWnKUksHfW48=","zVYTJEgRshh2LRRlB+zwelHsTWvLpCeb5MQrtQrn3ho=","vbaoh5wmNWyPaTAdbZF+hM6vk1wuQmRHAfZiaybealM=","k+w+6r0Uyzag7rH4V7r8yZyNVC6Ew4PjKg+1QNh7vls=","8ZegvU9ar+2fdwgye36OdpQwZJ7Qw7BIjt5zuiMlnVo=","ZydNryYCOuJr9ne6mmGTIWPUOj2Awave/tDo6CNM95Q=","WCuKLm6ljUs1BxXrqwPuotB094fQYJVn48U/wFfZveY=","RApJMSTrwLWfERkz7QaaCTy90zSr4i41FmPhoYWsKz8=","0sbXJjaCtXS3HJhyCR1cdFZa1jRbE/GErarb7HQBGT4=","H3mBXDxalEcdtGlIp0foLeSQkRDTCZj/KeGWlZ77jf8=","YRvJrr09+v4SjSVt3R2h03SOVs/QnHy9Szf7GMUldXk=","FqRuI4fnh1dq2QWvtM+tNBrZe/gYedSzScZm/8ZD6w0=","TVy0LwsYUcjIzcW7ejsOTIyZ6XB9jfxm42qQEWUG7mE=","Zqs7PnR+WLb9DigErBldNGAmo8hdbA6uItAlxZzWA28=","IGK31rhlNMRxI1qFnQqI3ihPKut0DZWaAEyvDesfjQs=","kFbXcB0lc6rEcz5KYhc8ZaFXN81T1ius4MbFRpipa44=","bY06suraxzZ82c9lDBZptq6EYdW795HAa8Cp7U96sT0=","IZo59N+zPi2zRdHlHXe61TE0X5pCX0nG3ni2BzoESdY=","HPSWgu8acq0WuD8XQY/ddDYvdSdqRoixZGxRVo6XiQU=","E6Cm7MYASDdyaUgNGkCzc58k+XgOlwQD8/Jgn71Su1Y=","gBWqwEwhvmRAq9B4cbgg6nDuQFFjbBJ3YUmmlmIDkzY=","WsXCTuVAI3nVVw4JxjcM41hFfRuWWaMb/eGNdNVXQ/k=","gK7D/8P48l/XfakuUqZ05LECEwzoG22jxles3ljLYeY="],"block_size":4096,"path":"controllers/jquery.js"},{"block_hashes":["ha9yeK5XthSjxl6GmSFMSpWIwKKyhZgvcm9Jkf8BhIQ="],"block_size":4096,"path":"controllers/update.js"},{"block_hashes":["tD6lgBK1o/8GdTtQ9QPI9scSrhr842xukBNUEC38EUs=","izLMPcBSYG9KCwqOogL5UhAGzHBem5V7WJaOFm8e1uA=","dslJTCsQDkM3KvgS7HrHMTjuQdKr8ODxekQe565t6wU=","wPOheL1cQZioTaT9RUj/Aqn0853GcORY69nJDaZvvTI=","ArtnEh8F5dkL2NKFegUM5CFbMgppPDI5vJPA4WSJ5s4=","QR/gjIa3rH625lsRrFkqqoahP+OJV0p3ZdU9XNvxu98=","6wJW8wnox4kWBl/vG7TtvgFo6ic8bcDyNilIvNf0Ae8=","tQIWWJ2g4V4nb01/9+uASDQrtDi19hW9vWvEfai3iWQ=","5XSaw9rf86hNe1sfg8WgRt1d+C3/zggEfxOyEnjUJV8=","JnVtlE3IlBiJDnRLgWJ7ERL+whTMgdMFrHFDNnUG4gw=","nMWoJOLV5MjsfZgPTB/6lx9IajHAjXuJ9ph1XhP7CL0=","uH1FkKPUcwI0MMFgUhwwyT45kSsRy16FyWoRHBLQBGQ=","1hrN1wiI7vchdpKAdUW8Vl8SOujKGoCIoEBsTZg4UE8=","C4kbcGwbqJOW0utIaNZLGYATV62jsepNGihyYQEVtdg=","EG2kyRlhhLStsvcRLPt1PmGVrFjaWBWEwmC0ZdGiLaE=","L2XBdSzVECF+P4MmZLE0eN/lj/b5K6YZ1u2Dh2+Q0MU=","1C6zHH6F4EFL4aWvFYWzNziADorqtqPYrfBT9liFYak=","l1W+DaEiUui2yw2GZxqZjjf5Wg6jrbv1TmYk1KxNNm8=","rtkUPB9EiJiyQ36NCmQ/vdHIl7JlSeqOoTStA6HY2AU=","Sd3TQhKt9F8AMdv2gpCLCUNE1+F99jTpnJ0TqiFUlM8=","plj+6LE+qVTkHQktaQKtI0iLAz0Pis/QH/mRajEaBTY=","BQlDjHjhIQGHlsDK2COXkuTnctQ3a2cHCMpIRevHgVI=","kM4kVveHaQ6+jLnHwNV+VKPCNsolAkaj6xpFcni43qA=","Sms3NT6axEMcEIHcxnDNrgF0MwUq0xGy8v3RlvAwqio=","YZiB6ZOuLU7JCf8IcPAYHNFKaalrX/xY5ts0d8Mw1qA=","9ar+R8thn0iSkvlEASDA/A5kiHOPHoww3Z5p2PL4WIM=","BqyV0hxT3AttebF8cWTAdetVTocArerQyqkmtF8JOUY=","+YBC8Btxc9hJ0jcjN90u3XrwQglDH7U5dHg9hGr8aMw=","M9X8qkBLa+iIQtarew0/RoFXLE/zUKuqlR43bmt461c=","EgDR8uUo0Ilh7Z4Ca5mWzNlD8GlcTASiXxML6I2up4E=","JUIeW4bvu8yVaDi4ODsTOSgy88FQX4/SAHlOYGlLA70=","a0xNtW8N4XZQO3ZWJwI09ocLUeGiYUL/ikr4RQf7dmg=","UgWXFow3ofEEqTYkriEdkwGdjKBHfilavmLm8qC8F1M=","j+AzZHoStFL8YjuNYczbZLel83Fxtw8O6A9JMS9lnos=","+EG6IbD290WQUb4Rh4C68LgoTFg/hLgpy7x9F0cPO+8=","cAdzE7+kplrA2fsjkDUlrtBIB8cddVve8/LeAIws6/4=","fYVzYsJDTC1EEbzQVlAVlrwzAJ7AZk9BsJ3CBa2YjqA=","DamT6DzRbf0M+6pc6LjCDRVsvgnG4xeCoJy/5Qg0m1Y=","MI9LdQ+0aQ/vfM6QDuWmevjGW8mp/3AHaGDz6JMG1nM=","BLkVzTkASaox11WTvFnB+GtK7Rr3uGcuz6qFBUW5Jhg=","bjHsDaA10XPpSUcR/d3fVil7BUQfT+HfqgJlGezCjgs=","KxV3bmH0ECpAMf1ss8+5Jn81k+xU5mKW5y3yM3Z1494=","PmnYzUtK7z3MQBEclhz0f57OLDo2SVasrsb2xZ9nNWI=","81wzakl9JnkzJsoHKTLwownvnjAnoMaa92Lltfwa5AY=","WhesXyRf3kEAH2qp8zIC1ysiyeKntfC3fjIkHncNkBU=","7V0wev6nBFO9ds/t+Vryj64QiIae24iv/jJDpHGUaKI=","s1RE1tTd5g7dXvhu5vvIJBQJH6mJ9FPk7l7KBhfiw/Q=","dUwbrW7/xyFVD1eGV5dJZclyyAaMQfjrtxFSid1wUwI=","1RxqonqYAQUVX/QzQPur5gqAQL4MY3LcjkaXLy21KGU=","dN+iFtEZpgy+c1bmgV+80ao6tyNXUWa7vefgQJWvxOs=","JwHrbske1zEkPe8HwqNWFwMk4Dkg2AcIdwpOsJhzlkk=","8urAijCwUvDgJZy/cXDpWGEGW4m98zDC4cBQSRGj9ik=","nQ4rn6dMJ2OrATQVmC1MSZWbhp04vcDGJsyagkWOZEQ=","xe0LShveSaR4wLQUMMc36g22SNq6ldOCdzdIZ9NLw8c=","urEk0WzF/DT9ckuO1JzaDFPQB/r0gO8adX+U4XEp8xY=","uZ/8PYn1IvO2vJEG3F8sfQyccioy2Wn7qeJfkZTGqP8=","xM6EUGBAr8nNQkVQLMEgZpU2ava/dPC/apmWPcVBM6Q=","SpjbLl/N+mOila54U/YjvmDDY4FYuaQ+4W2XuUqOEuw=","iBTVF806+gadqnDXuV/ErecGZrkeX7l7zKjqUFNFJj8=","mcGt96AFhCjk4MTtnJEBF29m+ujdLRaKADHR3koQJ5c=","xPFMGwxvBWR3xw5Vz0LOZ7/WpdH7Zlfm4us82u1NILg=","xj/4tr/JV/eMa+p1BEEQ1YpMd4LY0FQCC9aYZXel0Z8=","6TO+AiiLduhJzbHQb7OTJY9s8ZC+5ZSWSpul3n2RoAc=","IKxTCVuet+zUWwZ1EO7C2JllPnEvWq9DLMr6bk8oSsQ=","S4PYMzNQzrUNhOQtkMrKbVaqmJH7bAY2xU9uObWte8w=","nR84i1+/y/IiIb5Urm8ssB+BiUvHn0oTMJJFgfYIsYI=","wOYMUzB4DHg+cZ3C7fomE9QgvUQEwCQWCfHksIyYLfI=","4I5VnG4dm2rCVj/GIlsEWKPMWWxFx1vEm5gUESq869s=","gahTUIp0V1z2AKnGuz2mYSDvYYuN+UnI7FkDmUo6fiQ=","WucCEwzZofjfAuAXwtwAfeiB/JUh0mXrHYgMz//ejeo=","4cytdRZjcwHmB9TMTCkcX2kvIpxcY+wW3qOaWmZjoDc=","UjfrQnRn6D+eEMBLT5u6VbNdmEePT17Gq5+PKO8SrZc=","F0hRrPnHbOlF5cmmPdGH4YbUGqN/pokQUWUEmznkCug=","QvrmqfnXJYmkPdQQ/+2loFSx8ov/U2sU97lS6ap1eg4=","2x3Xde9sQObqr4zrdI09ZOTz9P8R5EXn2f7A53Bc2U0=","Hlj1iAJ9CBHAdmuu1IrtMG+vwlQdpQAjMqcXD1H3VJs=","G39MCsB/9CLuZsJ6hkg4bX7RcwAjWI/mPZwEotA1VXk=","zX7M56fE88HSWaUestjkrHqGrN5ZQlcJLkuLxaCADwM=","ut05eOCFzYuI9jyVm5nwfwfvLOXUudxYLxtnff5SqO4=","CPQ0VkDYi9sEzOunzlnZo2Uo1EU9zK31gc80+D217a4=","vEPW++IgFl1yP5PoCEhYl33Ttu8FtQ8laXoCOBGNFBM=","9qJRnOSsBV/hXhx2FAPL6aCs8UXnTH7rrwC9SwGIwQg=","2qWPwe9h4U5TpEK7Gkrxus7BjT1BQ8dDsv18vuXVMFY=","m53OIeI90LrV5vCgt4jwnzUpSKDSgzgkcFHrFLRGKv8=","E0IIBiZDSWZup+YQIV4b8ArYtb1aKrxJWfJ4Haq3/gw=","CuIvxrMukPA6IaFXCE4shVBGD4GC83DRLkQ1Xjqvc68=","Ag0XuzpCesfXI3VvSDFaZ8T5WovxZXI5l1KdGUqdHXs=","ayQkBOUZ3ot8NHlxjYuzOqz8x2XORkHEKm0+NIATET0=","nefMhvpUjyNW/ImguxH/0u0gFlwppr2Z2kIIbtvHjYE=","imJTyNFsNC0Zcf9kTthCvAKEo3ePwjZr91mh1gOXXpo=","P3bt8wiHnCDETsdveT9w+LRVmjYlZWWHrpgdSJSkuBc=","2DuItjf//YocWhkFLO9RBWrr+33chcF6+0sd91Ct/K4=","s8yxLtOOGLu2DWuIYLvhBkRnx+w6U04sr8e5jcP0erw=","Wdx8JLyKH9LgTXHSyYFeLfXv55XGzyCzusrJTmyfVkU=","eediJ18QJJjlNWb7wQKrU6TyLh1qRp9MXjarkbs8PYI=","KdZylSQd5obycw+0UIRE4P86U+iyKKrGEeyCyymPhBQ=","m1NieH4ocDn0xC1ZQkMidSM1zxHSC+oj730BbRFVGLM=","ojwbCUx2jhwa9fAE/6m+0n4Qh6sSZNslqPgYkGnle1o=","Huhut3fA4wDS08ZR+72jMQhzlJnP/q4qvDfrmYNtpGQ=","wjbUDWaIg7f6a05VBsvHqHluo7Xe0UwzYdo8ZyUN6VQ=","zOxUnzZ6y9IoGqmnM0FrUkZECRtoxdTUqpYqwt6Pk1A=","1EjR+Tb0+YOTRFOPJda/CCvSi4Q780M2kyG1FZG2Jbc=","dpE6UwiS1jDsjxX+giqqsG9DQwpMQaCLtWG/6XJH3mo=","K7MTXA/QNyuZ3XFUbQMHY2xf8J4GGACQF2iAmvz2Pjo=","iivLK4i2nAZQiU7+ysswrx6vkrlr7VlIRO67EZmWXGs=","p33HQw7MKZKxclPYDg9Wwjm3aQk6vBXk6eoKkR6yD6E=","LdZZve0g+0UTVIalAsjX2/BOvfsh4cAWA8UnjGow7bk=","WYB8pSSuFynaAR1inwGKQs/G7mMos3A0eny17E8/90I=","0FEOIftGEgZrO9sNu0H6NtYytepB1Mbdzm+ZYycpGmM=","KxDYdm/FfgPy43gPcxlF+HPveqznqcClR+yB+Yu55VI=","2pjyy3X5jqw4MTewmY/tELQKCvc48ocT2t5v9Vp6qBw=","kM9nL4bFpK6EXG/qDMY9wum4uLyuLxoAj94TDNjEBI4=","tKAspFM36fILbSrq7sWsJaTbTAX6qtxdC5YcdThCMDg=","IPeneg3RSlN9ITtg7mDyR/3mLlvtML3mJz7Jm3CPig4=","UEFUHtJ3PrnIZRxqeTSgk66BNOcIwd9ZICq9df7K9K4=","0np8KYtzrMF1Q1dDP7/vhM8FSJJbn9d4xAqQ2ZSjxhc=","iiO7kmrz9I+F8oUZAdPx+VJZTKwkoZDdkK/BIciWPwY=","OC1dcpfOpd0kePjAy6MPwFDmELWYRZ155aaLsM07SJ4=","v7dJQwtKzklRL3CaaM7Gos5LwcNkB0ZrinhEwl4DlLs=","ab3LTiwZstrDaUK1tR1Jms3jCNnbIFgPEKr4EnW/9Tw="],"block_size":4096,"path":"images/Bold9700.png"},{"block_hashes":["VYFPpHP0/p2B9Dh4HSL7ftFJjZNCK6KhnfM9qvacqzg=","zR9cL1P8TMxhSIgpCyrd+Nagmk76YOzpGkdPNqEQlVQ=","Bn9nGJ+DBn3XxMbJJ6WhoY6TAQtFSZSgBdibxvFyM9A=","M66jvMlgpwq4jc6zZ6wtWMEAFJIdnHhb5cROP2oVvZk=","sykZnkMcDRvHHEaTR6PdurMatQtx2X7EhM0IcF8OspY=","2XT66HRaxUVEOoVlNZ0C3k4B7n1BadZepS6RIq0OWHk=","NUbWozfZuc7NwiIHRhWoex1qESYrZTviEJBkcLwxABs=","p70eiuan6C4dv7abSR2PePushUaqqRAiqRG+nidT5JQ=","oTrtPGxFo7P/D7HSE4+R1T0VBIN/NEMSXQRuohU6FjQ=","C8KUOREg3C8SX8wYPiTOjYvWUOsxjZ7Q82xHrIY9HA4=","l0FckABPx9g5GezmaVne9dovn9t9i32hxZQrA47xDUs=","lLuZErG/XUwR7J9q0GCdSfr7oqNz8ua1F+PDTCtAkTw=","1D2+RR8nVAmh4PveK/6SxrkfaBnWsw8IdtBoxkRrv20=","UakL2Qx3Vclry9zq/LZ0UDoulyHFc6k+fsya9V1CgE4=","v9OE2ai4uVGPXRwi7bz2FENpJefKXgeCdv4mhiJYl7A=","ISgfMLqQzweRWAiQJX/+IQl1rT5rvJpe3Acg67Vuvz0=","lrNTytoJBjZt7kfb2cOMNFL10MVCtDa45GvMMvSSeLg=","hQaABCii36MQmNTUoyPpUWPZmAVwMRsAHPyIM0aXD5c=","2rlkqx7P3JUmkTbywf0XQ4E9T9+aeP9fUFeiP7dy9W8=","NpwQuFpPldAka/K1EOpWgEeW9b7GkbXy/ezebUn/Fks=","M9eYuuww2/meNkYxbqIrG3xpz9IpUTjlASpbU6z8Vdw=","fWvObnLrGXh9Uok3o94M8/Vy4QpbqUqq0gldMpT05SA=","k3b90XW0rsAKZZJf09fksORJKBUaqSeQmeJOpfAdJ14=","DVmr0/6Nldes1M4rR1KjEAXVsmI/MtHS0T9VItSq0S0=","W1p30gEOKoSRr1z6NONT4rG4DtuUGg7t5LQwKey0kKk=","vPMAJEgxklYC/Pn4QgXB2undkeEOfbzXZoU5PgJt2Ew=","0HCxbFlhhpE9BvLkelMafFyspbNQOOffwOpKQMMaYdk=","HvE+Oh0TeKJgiKfkGAScuNorsTEHlgmu4RJYI3cPZy4=","QpZKwfIFvxsGhs4k27IrT0D9AZd5ZS9qjJeIctXN+Fw=","E9BLhNY1wjVKD1gLrd60dbuLzoo6v8xb6uEWq2czqwY=","tVoVHg91YjSqQGgk7xRxd0wWTwAZIZeth2MMCHoKFfc=","Qx2SvRs1rM1HZDnBTVnORfCSXfzrCmRlJcg4r2HcmrI=","gfMtAcCas/utLxSmV9/JHYbvR6L+Im4qqemdPoSyMco=","8ZlvCjmvR3iEI+2yVCWVTjQIuthNHH9Clgwmpl+XTyQ=","OaHT/s6iUaI0TKiWCXOjDom/AWrfATTKIdFf+jw6NfE=","Cm5n/HQmZyfevIgdUIWV43kTj/x4zoRn1kU8i1fJvoo=","YTJSlh3GVqGET6bTAW0fnfjoLLAc1shwzTrxKZhp3uQ=","s9m7eWyIiRfrrMrM21qYnHx0XE0GzV5iWVKxyzpuyk0=","F5fousbmr2WujYy0WAP6V4D/uv7rU07tlvUQkfh2yME=","jpNNO2buW14w8WDS77MZXAAPFuim7DZAEDcF6rbPalk=","MqVtjOdPgMXQ4SrTPuJ9qFgzKfU4zie+9jEQd9T2ahc=","d8222SawTuB4MAIpK38Fmb9MjB65pfSJ/6VBt3XMA54=","ThSALI3F5yaoO2tfX84YTUHdVoXBJo35SMtiFrkW60Q=","SDOFUdEH/ewQsZjhycm13tbgxXEr7pWyq13cSJEFCv4=","rJhkmexcKiAixLH9OXLqBvAG4oLOykaiWscK72OtYOM=","H/EUu/GNqbgcFM1NMmSE1W7KkZrPgX2P0pR0Gl51iIo=","Wi5yvcSaUsK5V3m+NWBq1dJSYm3VtgYmaF2Yg4cM+cQ=","3D6aQGZIdt5GZs98e7jE41Shqh5SFevVIuRivPiz+7g=","qB/jnQMcknX13EfdbJhPtK6+awTsqXrFiXC13a+Lt6g=","RNmGX7Hp7MAGoXcg1baC5wzNpIStQNZPCmSJwoFzqLg=","3SSHOpIIgXy3Lgn8NqiNl5ifsy2PphvYc7SOT+EieQ4=","D8d7S32xaseF+DyrpKyl+YBAJ3kAYl6J+uW5hY3zHt0=","bGHs4WM0E2qw01iUad9uPPYmZDAnqJt6YpsP8XJhHFM=","x5uPH0VIloEhKA3bTZsmx8STD6uMryHVtM/DXLLVLNk=","Rvuqf21vN9ZBQ63qhGrKnuHvQ1ELH1+j3hRWHyIOjpo=","DT/tHnnDjbbWbNAQ4r+WiOd81/LztWnJo+d7kvrJruc=","WKtUfjTFej8K7YcH8bPzp2yQuDZ9B58YuEoq2WXYD+Y=","5h/uLM7+I8tPQnJ+WMLveLJmEpO03iflI1+55jB7yqY=","CDGyJ3ClTQ8xlRNcK7tPq2oDfkKmNjbITTyg1inb+tY=","mEV8eyI/6b18vxwOPZ+FIwLSbXjWpA4WBqLB8L8qEVM=","ndy5uR0X3WgaV+z9oMYhs5wpo2wDU4shG2NFTB6zT2E=","nZ4fgNE4VdtowvuXrBY6b+EiuUucpcd0+L/bwaleeqk=","i0WHnOtCeti4K98p8pW5yngVxlj06z+67dFvY+Pfxx0=","P1yJqDB6KBWMk/3T8vHvT5YaniK92kbI8Esa1EJ1MjQ=","KyJcLgeCoKAvYjItRW06K/H6wssn5yVFNwmSqqY5XB8=","Eq0Qi9x7rLkV1MoHqh0chFWstl3tIq34VPxc7d3+i3k=","THqS8hwpPD3hbz1xPTU0Iha/z7PTg3KYjinwS2GTDhg=","vqWH8pdRcY3CFJ/e2X7/UbCg7V43Hv3U4LV9HWVwYuU=","2O9R4l/+JI1qtVplyUpqeJcmMIWoGSdvn/6XQZsMp5I=","5G6QnTJUyvZSC6flllpo4MPsgr8fuKF/3kJAqJKlBKU=","NXibvglgoGqjj92htNFQQZ0YXi93IXb9h6CTyk3r0f4=","zc7mFnd1HsPpjURoYxj1CkafQalprfeOHf7Xhfewyhc=","L/yKIa/g02Cj2xNvsvEd3Gi4II25bInjogqb7ysuL1M=","60QY2NU5mDL0/xGn62P+CMsZOQ/nMLhBX3zjwE3s/tw=","AxBeTZLIIgUEVExhb5UTTk1CxcTVFiezxDo1tBjGwwA=","ZRO7rwQo9SuVjDKQy1bYQ6sM3e9BwzcotF/SSrhnNIo=","mOQJcWaXRDj8+vmyOoKxau1kk5OyPr9zVWKkhj8ZJyM=","Jl3R4BWFKWTQQrtZ9XkMebH+khMkifHkZjkE72L2ZI8="],"block_size":4096,"path":"images/Bold9900.png"},{"block_hashes":["7MCzeNjIbqtE/AebTEcmcjnrSqgWndWngIMEG5VHMcg=","HWiNPn9kKP8bpWMzh66RMCicSQ87eqmxJdSieRbaLnM=","44v0f4Epx2gsn/ZyoPYn7gDW970UrYjWFuzJ2RCOtfs=","vF9wrkkLsSPh1xGtLzCdKjNhbH33AAXh+yGAY+0l+GI=","fCC1Eo8oxHk+LAZfaLDfXUzVobDeT0B4MyUvyIrFGT8=","lNVd94uTWpkPSuGS8Zn+v8Oy/Bn8hZ+LmW90xA1uBQ4=","7iLqeqVR0n940sOh3I71dCHbEVnmUPeAJ4QiXvLIMVk=","kYkiSKIqcw87b/OtC0t2d+UU5AGgWctz55jxwEhhoEg=","HC8eVjPp1MwmESRjRCuNtkdftUzKnkVI4D7K84EEIcc=","aPgvAxH+q6eHcItn99KhZji8Tem8S12avifdYAlLoSs=","C21eOvARvociMNssXNRbjvdDPhLvFPqqnPcjYKrGuzc=","NFC6OZVGLAQfdmVFXgFJ0cofUjm8RMSSYKmYEZIEQG4=","F4BT9KcQOjHCcmcbTR/HxgUFXIeJfY/lX6ZCA0uAmoA=","58bJMMjahVWMv6+fEnMS67GQbHoifYggRy4L99S56mI=","G1pZBLFNUJyu1307wsseFG3htRP+Hq7xdZjCiej0Y+w=","CumNMAc/gha8Lj+isTT4gklb9S7iYPVELtuTlMYradA=","YfMXSxF5V2/RubfqfEq2lCq7Ew5imocM7Itmku2y5rA=","HTXjV3xK92OHzpanZ7dUovtCyFIGzT0h2XoPEDPvP6o=","Xt8BgD1kcg6gfE+wXRs7nOfBgVZPmhyksdUZiqS+brc=","ssIXdM1Rj7qj8PacKCDVoe0WcK29Cz3waNIkV5j/718=","jNxfMkdjHjrfaBXIu8TLLtjsobs//GBQABmG6FJo+dE=","w39JNr9iTZ4mZhwQskSwOGOmBgaENuFd+wjgYBG9fec=","2GO/mw0czpvg/w0vrcv4ulYMBa7Pme8yD6mpzLldiL0=","7iQ5Dwa98BYz2ANWp3ZezD/k5ZGrOByV8InObKsHfKs=","EeiQrUCjYoGBi04Jm9oeu4Fak+ceDWhnP3W76G3tiGE=","v0fHy9q3q/7TdLsf+2fzQXw2L4tA5vNJmreBd9E0ZRA=","9NKCNHaFHRZr3BsCTGyWs3aqVYFTe9Usp60srNA6CiY=","T+0qiPqngzjUJhHiPNhftxspx4xp443xCpIpnw5mfQU=","0MVyYL6B9b5SRe2MnBNaQ+tIaj5ibpaqmFjdcp1NE94=","rrdx+6spa4GvZe6d1VBo2LmOP7GzzT2icBnJyNdLqrI=","m417gG88KzrFihSizPx0nSIoo76LCVyYHPoOxYh9I0Y=","KT1NmxIj8LvtPS6bUCJFpzXiklwVgXuzmzQ/nviAMNY=","r4MCIu7y5VmHWEAUgL4wkTQzUkxWHZXGfcgFnIwqFIQ=","pshgVY1qAl37athTOBjYXcTOfr3NtTSweSBqxBCHpuA=","NiuBk6rOAiJcs9dHQTRDcI7ff7kdVFkMxUucnl54Wvw=","f6QNE7af823Re7YwVGtSjZiQyYE3Uqfqvm608iVg+wo=","tPrMAjDylyE5xYleCRS9l8WdGW0NC2yWmL/7l/XZ16E=","+KC9RJ1v1O2oCYuiUxx3lF7Ebqz8HZ/G6TlPbQEx2mw=","70EbjdAdVb7JmU+KCbean0JDWOGtbpm9h5x3O3keLnQ=","0HLwrR4WkIBtfucUo5TkWghU6B9nrReWLYPV/DY3ksc=","4CQp15aKEQ00lIfAqctTtMVdhmVhBvqc3SHYWpv1gtg="],"block_size":4096,"path":"images/Curve9300.png"},{"block_hashes":["gX/sP/oaAZFEzC9K1aRYacbDCkRfEQWhJ3KIjbDA3tc=","Xg6F4YjEL3Hxz05/jatas06AozpTmiOgUiXYnZE+a2g=","iZ4yXjE8xrdFDspvx2+ClASDt1oGpzc4Y1P1LU1KmSY=","efyqi2+39/K76IU517j634UpnchPsUYqx83KBfuwdao=","VHAkONHfkqPoW0fpRBza0RItAKMv9OxtaZOYPrVzPjU=","1IuAo02myu2qpMoRSlHDd4+FgCb8pLsgWM2h6819Aqg=","8/Wq7OE1bsRtcwXJ0nM9R+G4ewUgNSRv9E94yJVczVs=","LxFRZ6BebP/TohBhMk8G4l8elnirn6KoP3LpedinDD0=","ilzfkJoMnWvorjfthymi6ArtG0G1PGmqKYsVJqIqnuw=","OZCsJv+HCwXs3EZ5C8TMpZPKYJrBMO6PLrxD3/ljRWU=","abm9Mc57oW0fbXyX4S3/tV2mP6rBI97MtHIdIHehApo=","DJfkLPtaq3DoGP4tta2tR6I6W5O/4C4L2CxCjOXSlxc=","aqdMeh4an0S2raDF0NERvquKg7+Aa00kQYFTjThD1yk=","5cw/1SQi7F7Fo5r4NcyldwwQlIxJGBHAZNT20hqxdvo=","IO3vlt0Y0S2OMeD591TaYzsiUeHyZc87Yr/DeY0Ykj8=","xix9OoWidVq2RC3aT1R4Y72fzilPUtRev3An2sRnsMc=","c3+nLoqpaGO9XGlUq5NR6uf/AVoyEM8QgVTvH4p50IE=","3bKJxjGpnHMOxorVghqEeQOk2SFcWkpl0mTUMdcy0mQ=","50cKN6JOq7BquzN8jAwH3HvhtyG3QCKIUCY0coJC7uY=","GbAYPxyy+34Dwvmf4fyXVSu5aLkITfML80nwcyJFges=","CiLP/gd1HcmQPbVtv5rv1FAKJ/TXAif9TnrWfwz/eBI=","jsmGfFBWkNKl9tm9xUjligfY2NxzX7IAr4/rzR15s1Y=","bwv+fPBH8hfbri5ehhihxSgqHqSC5eIGJwPHxkBe8ds=","8RrurWbQMe+U41lDJW0xjx1Ve/COtQYxmYIODCjz7Wg=","7lX8e16o8N/wm9dez0cUG9Mml7gbm+sVeNfQoqOBPao=","ABl8i/r8fy+0zB+TagiwInQtRs9cKADPQyU/h3WZ+Zc=","XUEsLJlUZsP6przjCCfb1SgiSdCng6y6+CB6T8DLgW4=","IH9e7+Tz+RXn4HtolUg1uIKlQWJDr6jF621/wwhOZVw=","G2VFs7wJc2AE8nRD4dZ9Det79Xv8RId2kXh6VGP/cJ0=","zLbLFzyzIKTR+5Etrwfjcf2RdyK2rkfz33pyZBEcpCU=","P7FXXVsiN4FpUM9Xl/E6qtmUhggW8QETrCsPaXT62Pg=","8KgpBh+yt2WXP3UTlRoPrO6AbVAMfvJs1+Hntmkg5UM=","EYoAUmNgHUM+j2Y3PiUSGij3uWkOjKFnJKsn/TVJR+I=","v1d03peyQXGTZ5Bm+gJX63uMBPOY6VStfEyaaDrprcM=","fwucMqgxj1TwWxUn+tn7V4rJ3z0akukMKxTDGgEREbg=","NGIRNtjQLQka2AhpAJ2KePmZeSA5SkXq4+R891rcy44=","Ag0Me4Id/8KWcLHh1mX8mIna3tZ3tYWJS4/KVhpeimM=","aH0ZEYldhE4aw5Dsj7aXo2JdQuYLl9L60YVnxifS5IM=","x9tBC6pAua42lTdHqfC0/zva+pCs28IaN9M2kA6joE0=","D7syldNAH0MW/XP9McoWsgUZ0lUxX3qDB/h8YvF1Tdg=","Ke8Whm0D2GyswfkSSLAeUGZR2KLc4oTBOmwH5XgAtNY=","XPfA+gK8vPny5hQVW6d++lhgknCHeaXwfIjijLCPnnE=","tpBIF2w/Mk6FIxVJJa9eEf4x6Ee8WPbXWdWCgvdzJug=","1iuIS7ZE/MBmDqVKnVzskeb9AEoXahIcrPdq9Zehn5M=","C0Qnzcjvf7dcW7sDFavwjzeN5R1i14+XJcYNuhQF2I4=","Vt983vMXJXRvTa5I+FTITmu2fFMNq6TQxoidNCNG7rA=","WGXlHv6fGHH81ZTbyMxQQBcZQbpNPc6QD47W1+Q8W68=","med9J+5eqOr55wg/mwpPTlwEIJmr3c0NLpsWYHfm2bg=","yA8CYeZJVuI3qMFliT4Bw4ieRCBD/HrcGuQgTKhC+js=","J+ZYHw3CY1hBD7jKMp45MLQmssF+1elSM280E7u68mw=","T+FBPI9UYGFOpjZfZT53uhGO1rOzds8+/MvUtPVooiQ=","xl5jbf84/wuSUfev+YzxFZnFVzmyFpBZUCsG/7ey2Cg=","HC92slPE/kQeBimLh3uYs2NkIJFOxN0ktNqDtBfdzmE=","v67dl1u8c5Wsir6gU6z4E9KpEeQF4YuqOUJtudBuSDY=","aystktwI/cFFFr6LEdsNQkCu+Dw0h1NtSqbX55t6Dhw="],"block_size":4096,"path":"images/Curve9350-9360-9370.png"},{"block_hashes":["FBHiuDmHvLYgjVxukakmq6tdZgvfo3aMwRQwtxgU3W8=","uQvuD0DC7BsyJWsM2kWAZZlrnS4u5TG3LKgZzK8pYKM=","BbYL+ZE1KMKRGTnH7G71lBiLC7IUD1R24LMD+dzFLhM="],"block_size":4096,"path":"images/Icon_150x150.png"},{"block_hashes":["tA4WpgQ3yPWwat4N99ZvZDNh3nU7WPVsn8sllXVPqtE="],"block_size":4096,"path":"images/NOTICE"},{"block_hashes":["+/ULwPbyMCAEpLZwkLGv3RxIpQYdFY7anAcbR55i1Hk=","qVTZ9t1VmofHreROFdzL31xDWkX/WX4+YSdl05Ab8mo=","FrCsypQUZ1Nctp670U1LRk2EWTUJeoya33G4FTbdQTI=","SgUnELh3+54MwhgOg3N6/fO3rMqw0Xil0u01IZRC1V4=","H1C5v+ScncCWs4SoBTDmPRyTMktw/WMZuEyEk/o3eA4=","y4T74wPzI5ByAEIe8y4fBq+uaeTNkiuPh2cljhJlQk8=","LflTvq7yODpXVnts9N1v8U5oiAtOCee7WQcD1v1sTJQ=","E5lo5wm0Fr5yX5GaTO7AD3ZoFri/J/vw2GbLXWAd2/U=","eXl64slLQFxqZohdK5aUQwQEUkp4e/5yc2v8QovQ3/o=","aZsVPQ4YbGgkgGxxa8hJbQZyWgstlMqqvCnKMQYhles=","N4nnQy+bdW/4wWHUNFxNGxe1BH5MRLvmkahoi+gh6cM=","wqtxW5anNzD3YwsWCI/YWk336nKuB/Rmm2ip06x0tvA=","guLE3r84SyFfQN1Xt50CufkhHC4Bzi70EyRXlQofaZA=","NRVc4p/VVpPbTE88/s6+NG37CwYstg08ckSUCUAH+Eo=","eV+iBvQKVtGTlaC+YQuQ61gFZyT1MLo8uxXDsnbE1wA=","P6J11QleLy3LVs2y9KoUX6SGIOxRw3FSWYGxWM7MGXg=","N93roQw6Ojqg4WEVQu64KAxsZGcVLCGp9TGJgS126IY=","FXPCaJn+7Y5GecNlSTm0UuUdR5bk5cLqqEXvSRcA/OU=","VxUj4NdnB4W57AuJbAdnMc+cTLhc72vp/IHgwZa64aA=","qfkDCVZueFMXFs3k5U+nm3b91CZIGEH8RvgMsai9828=","hMPzaI0fKO+f8X3Io1zC6SalzK/TBQ+LRqIigTSfkzs=","9kKD4ghII6+QlY/kWcuZy1vWOJnntjCs7LFvwdBdsI4=","LOAgmD8DP8aa0fp79F24YxZPlu7PagcDw3X3p+tp/X0=","2Nh1bxgl76yuzmY42ezkgcRrq1Q1WYAiWGi9VQHa2qw=","cCciA57yljAJa61rBUsqmNw14ZUByk5nfpbWixusxd4=","Qb52pq270n6j0un1eTZ810F8rxERyCe3WOZIaVg6VyY=","IrmePKZuZdtsPJciFy6/Pod0OG3dp7xC28mkkxblrs0=","SoqwN3BUhSJ3liF/o3np4r8RatTRUuPaypF2d9daRTA=","bS0f95xZNf8zfcQp4zisHbq98dEBmhlsGdZmedu512M=","+eMsjfz3yHVAYO9eAQAhaSR59nu2N5ZgSkYZGC8MO+A=","zXgCGzAYhC9OzcExQSU0LLcdGaiZ9r0yEVjMRoddcJM=","w4YHH6nZzrnXIZ9rrNBEx2aWzzm2NllAfYdzTYdrzRk=","qu656WsTDg84/O0mJDDNAZXCcYIxr4EBMwHLb/7moV8=","lfV2iJ3IhQSlh1RKYAIDyuPdhKT5zHTtmTgcY5itbYs=","I3B0TN0mDCuGfc0acYxBxRIKT7Z2CaBqPxHlhEbJBcI=","IQUB5NdLWGgau9UOmHP2KYeKkhDdhNpq/6w1mKGSW8U=","1BoNO1SftnA1180TRQX1yCM0AmvDLHFbcKuvHAQvyFI=","Bq7jh6zYnY90mpIiwoC9B+4+pS8p1VgEUu1b5QHOjZg=","JHM4BD9fd9p+i+5gNqo00pPeqZeZ854c2kVDQ2UhKM8=","3NI6ZG8APJcMLaQlnYG9uLTkRohhJyXgjpBF+boYLu8=","z77L01km/UxnSsxdA0AlBII6BbPlHxAxjiJZE+cl3i0=","KcxN38+6p5zaZ8fP3v/As83Y8g4FvLRuvVruINaS87k=","icK9ZLKfL/6zjKDjk2jBXPtqofXv+XIHVDP6UJO40e0=","hFDjvZc69QM3Oq66ENnVK/AZU9JA5Lu2j28WxxFPmOE=","rcW9M3CRHmWpEjZd5Ppks6EwDX6eZhFZB0FlX0FlCbo=","nnuyQ0r7cO9ASTcYpQfrW/GW/Ny8FcQ/+ZWrXBgKfbw=","P1Xg9z8wOMBxgoAQX7Xvsz2wU9BJAY13W50GN0tx+kg=","co98l/1Et9FV0rwGYOYfIsdrynMCXg/dM62m1oPe5eQ=","OaTuUsumAdOQvMnQJ5Ivk3VGA9J1lViIaDwJG2bPhyA=","A8xPnjTYgIzliHgWHXV/OHFBgjZJwK0OxP6eJGXbW0U=","xroh3jAkp2uANcRsMEFZfxDTTFkZ6L2LomsyKNiuuUc=","CbrpEV6ISpJRFz8vRPn+kqUO3jyPip54/Nvy+fAj+e8=","+6hSquWpJUeVXH25+kKssWVkR+270pIy43Smy/0nFCc=","1EWR4YMtvw6KbM94GP4TEOzWRO0WogWwcKMHkqAWebY=","5RCD4gVmeK6EvPwkuda1VHRVvr5vvQ3SW6jv9QmmEdo=","Q5le9wCCQegaH4xQPlNoSOxO0EXH2man42eJDTckzhI=","GrYg2wTiK2GhAqEdjB+gRb/BFGPFQ+hCCEkTrjbD6PA=","5N6B7EfBuQaCiu75EZ5yKGoQ6G8hgw0jQo5zThXy8Yo=","mLPpteqfDXKUPrXt6vnCadqQOHv0dvp/OI22VhacptM=","10ehP5QCz3FqlPHR08ovZQId0PqYQ3qs3Q1JImeNfmM=","k/y7q8KXnzCVDktnyDC/xMUfiOEx1XxiGutwOngCvZU="],"block_size":4096,"path":"images/Pearl9100.png"},{"block_hashes":["st2KT3U2wsOrZgKLqZ6h7RxMfj8twnzjagubrLPs5RE=","od7BL3flY50GjOE58k3hrhewm9JLdi+FHQ+iWpcN0wg=","S/vPe7sE1X/Z0FItSsq8HeiPoLRD+3F5MyXasg9HED0=","3iz2oK4xzELQWkhskvE+ik1omTht5tt9nMRz11HXcS4=","d7ryTQtLheBZWeofKHiXnpOPnTsUYtMX/p8TOchhayA=","hB2kE61JFk3Y/sdxIE8JevkvawAeByU2Q58kSXXcL8Q=","7+s8r2C3TceubbqzNi8pe2XHWKnocgn1Hpq4VIRnGK8=","crwi5E6k27MwndHVLsbfJ+yL9EQvHKQK4fpW0oOpPX0=","jikFplJiQZk7FLqZF/YTjyBdmMtGj+iezbuLPvFHEng=","S1QyIZ8rMAGNFi6tSKBPQTUjf0oi5YNJGQmUkVfDvgE=","nmi09IbVjXYnxSZWBLPKi3acHLH740hZEaRfTrhoL2U=","yqaHtp5IXWWM5fu0zQ6NgdqGGysbiMYqPE+1XxcLsqo=","nBP5W8i3JqvfMA+XP/OloD0Ph3FRlp8z94EaiyHFrjY=","ArG2rPP2Lpj8q1oVn2WUsShVQVFPmCmm11IN9hRBGAc=","OT2jgMr0Ch7/LTophcpGPhC5uhjDC8avmAkaAtNuzJU=","larkfAr3ffTZ7soNPpPkwRTLgeHtDnBYvXitrADLCGU=","fKwAb6Nl5Mfc1LSE87hxeQ8tkRMSc5xf30GK9546bOM=","RIgDb1nsNFmW6J+LkG41a/WU3jmdxP2fjphknu711OI=","VRMjli2a9IJW0g+0fwp+UqAmN2r7d1Ud3skO+UjMclg=","bjM9eqUWfm1FlfikiOLeA4e7VYtWIqEHXQ8XMw11sqQ=","rwE7B7eujr1EWM3Ys7iuTOaW/Fmshv5IT5PR24kOyXQ=","19O4YVkwFIHOXkeCeDTDsglkymfD1V/E3OFcUwsC8rs=","ZLdmnDYVzrtuP9CyIF5kvAU5u0PHgoXC0nkXZG9COA4=","NmJgrPZYtuZq3ymW5G2HcnWjkWWm1peuVWX5nLq17xk=","bW1yVvPPBhHiXWM3G/pNN9I0g1I9B6K3czdS+d30fF4=","jYBi+Cel2fIyAITp9alAMqeOIUgXVxHu5N6YP55MZx0=","N/sKECD3nNt3galUFBe581bB7hQ7UdNeIZmZOm4+gD0=","8aQtpUMheC+9cTogNvr88FacoqTWrYexGhsSpVeHXDI=","BqxqM0VoAovA5Tj45QymkrDRK5w31HJkkRjkgdlu+i0=","DdD1cJjF9F7NFd75VUtFC9QhRG/XEXIJdm0RRtJWOgQ=","jWRJ+0TssLgTcA9d4p4gqa1Xiq7UqzYKRLVfb9h5erM=","EKLqkD/8UGmV72YEtSdvYSgSLMOpb/mqx2htS7r10Ls=","t+ZxRu4Y4E8PIOBgOL0wwpZ6v+bKEdU2RjpObXuqBQU=","AfCQNnk/h4WkAxI3lvk8GD2HO89T+Q40EOfaf1jpaws=","7gZ5HpXrGzqpimLu98I9emPk609WwHiJ0+un77Sk2zg=","cZc+IPCDMpGI1Jy/cqH8iVF4EWcvZ04u13Bo8aPnpsY=","nA36ReJdckXGQQ9q0MexrumaUVl4p9WFz0y8b6Hp9co=","XPbaGhHQ1gzsJpnt+wyqhKdDk613kA8DtEW1QExGGa8=","3SlFB+bd/ZgtiqPUExJk/UuJwVw+oe5yq0a8QAq7LdA=","ijsz25mKwVoIzCSSt09zrCc6wp4dE1kxkRWweQD7YUM=","wJV+Jb2CGgqHxjqsF4Q08GKYdAwdta6hHgY9BC1ExLc=","Y4EQ7gdele2VERfhnmliGBFo/Ix9o9osPCwVustSU3A=","n8gzp9Iff2nMQEuvwRdUf3Yx178ZjI3YFZ5F3PeEFkI=","FM8/UL6OxO13tN+PcGMm+mzZvZ8nTugD/FEk0EsLOCY=","jYNioVNHpxf8nDfW56EmbUs3SFTybUOK4LRTu3/vvN4=","+g9RCe5siq/DqfrvJ/Su9PG9TRsIJ6azTkJ7HAIRWNk=","kJgU8g5ajrY6ZD7PJdjTF0FcndjGQ8S2eBAXW2ZGqm8=","U6Qkvy2p/PWMrJnNHCDkcgu9VOEj/v1qg1IUmHj9zzU="],"block_size":4096,"path":"images/Playbook.png"},{"block_hashes":["hhpdegslili2nhLMwtdiCJBlxaVIfJ5XsupWg4O4jMU=","nm0Ca7Y9dEMpEnPSa/ECdFCbqIPQCsZckL+MKebVpQI=","PNF4R5vhzx3JWVWn7B7ZWkeziP6uhvCA8FiKyldHuNc=","o9Sx5zWvikPavvShmal3hQ+AmIreMizHRBUfuc7XNL4=","RrqTwj6z4FOpFYbcwqvRm2OIkz2sOG4QmfyUqIluZ9A=","2grh5C9MZD44vQsRREH4N2TLG9epz6U0JqGitYnjEjc=","UB6RIC09ROyycCvaeHYivYxZzfYD8WwzNAJkn4PWsVA=","/Czxq+fZvAUcRVu5jrQ6aSLdHyo2AlpWXaPJ+535q1o=","YEQDYqnU6uWUMIcGsfZMCR2gAN6++32bq+AoMmUBNZc=","Bvsg97G11nBqHPpQDVo5bolgg9XlVjJ1T7czxRRjYUk=","6EiSx7d2bECBwz4XWlcTNmxu7446XiwnqAqVPdnSQ2c=","HHejC6IjbwNGI+o2ry7xVEI+2M43bt2TK5hAcAtRmHU=","KHnjPTgamAiUadcQ+5PYcX64Zg7f6GdweUKBynx8yms=","6cz3tIuVe2QLrwRHg13eL0uSYvABp+XnsOht9VtKQDE=","GrpGIZu+Zb+i2QcaWF1RTWhIFyO9jjPA0pnu2iT+ovA=","ub69j6th0blXktQCHGpyeC4dlJyCpvIWJfgKZjUFv6Y=","OlWT9jhn2pxMScCQS7WOD8q1k3VQJM1Dvb4OvNfhd04=","nohYywOcdD24lla6es9132QPWZnG4h/+zs0UgqG1xJY=","skx8UMu/PAiexWfbVxXRAz9tpA5aaF9AC/0TskReDbc=","Emy31FFCYKbXi3HIhq+16K6XhLAfY5tpmQpeuz4K5MA=","H9FI69vhiBbAAHqEzPUk8jMXPXV19pLln6SLrf8NKT0=","4nVRtBervjFEJ9RDMp08hhdlAL2QFdxLC7ZiLDdveQk=","FMhW4tRmzpidEuxjLnGdTC4/oMKLKe5dL8iE9EHp/Vg=","W2H4LLGylJyVgbZgWFH8Pvv8/NGf4oZl+Ch10XtpQ0Q=","JGnRhoSWINxSMBn4wlIUgpDUoZR6B4ZsP+mnInXH4vA=","h6zRohQ2hPW0s5rzhUK2zAQFS51n/IdltrAKGpFeJyQ=","5wZV3avNsQtetj1SP/u2ZWFLc8VHE061rNbxrbI9se8=","ZQ2cSI0RJGP/wK1q/YR02cbrvSkHlrmBkdzUyrLZKzU=","rVrtp19DD1NgCF790qz35KnE7nzlsvb7OFb86vDWvWg=","GDsi/8ApOprlZHuOVpybMlBncboHzZMDjqxekrDRBiM=","LbmGnOZ5h0eWuMvgH01mLk/SuGHKW2uDleWi2gUe+jQ=","aFg8nwQvCSIn95KFCoqGIWH8+ppJgnJ4Rxij12Hj3UA=","CoCov97DmSMJ/a0XjI+Xt7s1HeYomBYJwVw5dypmbUs=","RLC+ngEymIhX0m3kqRfytwc4tSODVsMHWmS+PfTsrhU="],"block_size":4096,"path":"images/Playbook_landscape.png"},{"block_hashes":["HO7FapFOO8KosyQVxlCgx5iOxyFoo0Zu0PV10/5gjOs=","49xnnyXCEE4TgOHD+56t+TVsEn0VMpe377P9tFIKcak=","QAng41lYlleMhmyBMmuy2qo6QFqKi1qGowX27WJdd7M=","ElSQHB385F5XVU6EQuSpNWvtbUdYfTiZMyM5V3smnzs=","kIqPprEsTW1chpXhHgMM3XObp8UfVggrVxcCFY3ZQzo=","cFasnfL73x25QNu7Epl8jQqg0ggYcJcP/Z1QsgiLGw8=","skD9DrA2+fqzMRAwnP6HqfIanIAJY3ck8hc6pvVIaLk=","TnyFaBkDW9H0BRsKkWi9GrWI9MwG4HIbpQ0ol2jzhM0=","nXiVh5x4HOLwCY0zdiwiG+Ckfl5ackmkP0WPSy7c5l8=","7HKsmwTVBCd/43MiCiJcwXeze09zxMGX+wBbX1aYF7I=","a+OTqwdpbjEJKQYhyAwzm+7j70o6AhGnp5U2NVM34A8=","jkwBoKqA6jg/sYKhJDqEnUN74seq0QhGVPxoKPdKBW8=","QwxVuRNzjRvy9q8iUTeiNVOteFbPooRK+HiLIwaLoHs=","2wBO65QL2kgpJXVTWCpBDpvZS3EBbTADypqGYeb6dYY=","g80xuN7CQV370ttyzVqrr2QNgNY72Rq2att1nG6WsyM=","yG0DlEQI+IHYY0vPGlU0slh6BPr0t5VxUMb16dFKCpA=","DauMBAKGaL/kvrz4dELQlxLW3TRJk96dBDLwHqLPpkI=","jo4la5crb37cCKtqUhCMmGL7KMqzOWamu9uun/5t7ng=","t727mlD6iRfrIUX5DE7btqhpjPRIIUBo/C6QxTd8Wdc=","R4xUYhOFJxBkmv0ElyX7tjXoXESJgLlGYErcDTxIUS8=","ODQNdtavbwTPMbCtsiisg9HscPGiMFjcO6b2CVSD0h8=","AXnEDNs6zsmy1vPUvMgVcEtp029sr+uaoI7xD/AHbzk=","mmuIIwi+S24S2XM77HZMwoYfsaDaFshFfKhGp4rhwT4=","IluG+QnCuO9hfX3i4TbbSL3Ip/quhA2pqpm7SvAhKSc=","h0B6KM0dAxzJkk3cdIKVtOWHCYkqniBbayki9iB7Ahw=","1TEaRcOeqKcOe1olMJnZZ74XLpP/14oqve7PoEPprLo=","h4W1Pd72lsCz+sK0OOKqiNbyhlfvIoS1Vcsrz8goqrw=","v1oqzR1HjqKmrXlMNlW6Z72H7LRSzdIytDye27vY3IU=","rl3gkXaAIH5Z9l/58k2xjfwt7r2LGB4adJYxy7VUZCI=","p2OZrtou66rrVHwqYTojKAzFJQzXl4/9xBTVFG23kNM=","PzIW8srtYg3VESUxsYmOd5eqtntJAJbcuV5D8r1cTcQ=","xpMe+4Nj+Ld/EqAMLs4uCkgkpinaQSuZRTrrCfWZmK4=","hUpm8N4aCsN5liyPyySAEQAZTRf50ESKkExOJuFznRA=","sbUYtnrFnVPRgtLS+DMu3itAw0oTl87e2KmwXgic87M=","Edp+5gR10UEfBHgU6b1l+9JK+EOZHsTHmARdnpphObY=","cK9hnZBHNeb99lFFkWW2hPI/hZvLN4Hp0c6BLtwW/NQ=","GyESW89xzCrqW36th02dP5DLgCSR3PD9zNmCzi8m6jU=","3OKhf7kcTrE94vXJQfiFma7s6Z7LpLwVJ2wnnmUMF64=","4mmigdgZjHonYRFddJClIZwXGq6952k/pxwFPOYK+Ek=","fH3rnWZoQIojAVz9K4iivPgjJMQOWzcUjdFEYoVM6h0=","lH0PMnCJbmlb9wYD/lq0P9r5LHeG8rj6og1Ex0ZlyJU=","eeI+/VypYGbstaBlrQLvGSj5Yh2pyB9dj5BEWj8DbSc=","uHB1KBso4lqnPFGAtpPKhhoDQqe4F4SjvFHm4jPcVOU=","qgUrExva9CeFz/bgqM6g7/uGdHWApRPbTk+lbn0C1l0=","oe7P0rQxRSJcTmZgIxb6xvrLme6InDvenJdCvPqoV8E=","MvVkD6DNGUxdAENMfzdw5q4U40HPrxImT2YTkb7wwOU=","fG0b4hU2oZqX2mc066i1747tC2f/CwSNscy30Duqzjs=","JS2yvoAkf1Arf9xlP5g3EzwlNAosnuXvVaN+Odsos0I=","bqcelOp08bFJ0nYmDP5OsuTtMS/F30tAJZbevAThno4=","ckmK3TLQAUpPAw5U5IQpjdLbz93UMYdwiunYh2EuziA=","oKTcwTBdnbwjSupLeM9SrwkpFDG75eUIERtdofbbZxA=","yICJsVq8zJdSqocasoPn72nw6rThj5u7Zh3AkoGnNK8=","RLC6WJ6DVrRn2w7LqExJjWJN7uNXfjeVCxS3kncvsUg=","7k8lVou2NNsIbIsYsQswfmkD8tTUqbOPMR2Ykljb7P0=","ZCAKeg6Lyk/HuZpwFwtGQcmjWG5cJqdhH2T4yduTpGc=","MdVwQDV/LRK7SVt6Vij9ZAU3ezeXNMbW0zjO5VNO4lE=","EAo2ryQJ26+6czFeoQ+rdWrO1k3vA49zDGtVZzlAfOc=","gMTiE17WnRwo6H1NIcL8Ho24hPRoEL1Go8tEgYs6tiA=","nHktC6UM1XhIC1C6nGC6XEXH1ya55vEVwZtPm6Xv3e0=","y2sqh53DXeCH/nlDgkqY7irhAbxxfUlnDihDTOm0vm4=","K8ytYEuTQii0EYZ5o+EjhFYq3n6MwGTMr4iyqN2fiJM=","cEaPshjjlh+3JG1TZJgH/kBkHUh3+xUjaGBenyh8b18=","pvY5SLZKwKd1T8KuiLTtEMMP6y3xUsLgaESIB2tMY5E=","PwtDkC4rkqITTeEfijuVekaDIhl6D3TuLKoSp1FUJmU=","2SNqj6zBb6QCE4TPNhgkiOp+K36H7c2oZ6xGdZx2tw8=","z0+d5q7Fm/1nxxkzVK/dlGQ+B5AAZrVqv5405JwwlNE=","5XdDNA/nl2cNGKhDd8YG3wlT27QTfIh8nOs1EuHuPJk=","1Dk/P2hp8RPPSo+YzHTtMqZzbECgrDgmtCGGntxEocE=","nmYpBVEEfTlW0Mf14KhzvpWYN7s2vWAElyB1w6Wcx3E=","THTxsoDF4TVrr2BbMQl6+fioBjj9UkINlKvQ/ncsaiY=","y98KSFuXBf+RLV4DIIqtyON6nzGowlptBZWPlldkZgg=","Z5GUPe30oJhmT0nUHYWQ4ctJ5Y/4S4byB9c9unFhLkw=","mq7xDJ2j18uSmqXBaEVJUTI+Kv5y9RXi5qs1MWRQk0Y=","5SiNKFd9/g8/elqJy+E3QHqrMkMcZQ32N/Y4myvPkvM=","JslHFcO1Oh3UqCG34QbaLR86nTguOpPJG683FGe7WA4=","Y225+PGPOyGFXnoTW9/qj85wJBqo17oR9FBhWqkDnCM=","eIoJpRqNPCeVhojLRXA3PBPIV5pw+hYrIMFk4HaHGGA=","AsR5nVZLiwfaYLYvPRykdNQbEQuvrKSgAt4ZhbcNC3A="],"block_size":4096,"path":"images/Q10.png"},{"block_hashes":["5v0L14rmNaCgvOyycOyqze9eOPrBxPcH1FNuvgfq0Tc="],"block_size":4096,"path":"images/README.md"},{"block_hashes":["48TqWsyX3Q42mYuTX1Ujuzr7ZIoxxasyVZ2ncjJt/sk=","ZW4XluqPdMhxjQMfUp2sFjJoa7HUCtNo5SSVF6vcPZk=","3Nw5JWa3SYvzciwNxf8sTo7VcltUQ+JMUHk619B7QBk=","OrrN4tC5lkxwURe8wHMJJD+nfOO0ZlV0UVJDgXScOmk=","LHiHd2YLTKVoddzMJTKOvE7GgGGFgj7i4LZ69ZEfkos=","TXsEp2FRyCqn64vdetM8C6ttWbE83pr4fuRzDXYiS/o=","eQa+VSINmNEmQqnQyA+5G22aI3/SfVal5C+f0UXyIPU=","vp3zXY6T14HkkCOZH7zOWfdF8joTMK5N55sVqOYhnl4=","idzObFdQe1+lF99Q4B+AZxgs8aSuAGMgUBd4inJPrNU=","1t5YKByfxCNqw3uT+l0k4Jhb5G1mGvhYcShKdhMFrzI=","nrk/v0uk0tLi4TxBAS5B+DFCiOalre4ohqJ2id8bPfA=","iId34vGVmA9OAacNGTvDezutN0rZA+72N7xP6G1xAY8=","U0v1A3QeiNvidkoEKLpvfqvwJGHCIi+Wr0bgkQSTJts=","e5jEdA1clLs6vH0uxtzh+XDN8/sjxIzjV7jJsURPz3E=","qnW9ny3ZAiJ5q6rGFep1QZS1FYK7itjkdxI6kdc60ks=","0VL8qKuK9GHCb+TtYuiclooDV7kHCYcXKmWzf+Gfgfs=","7S/5phNcDC8rof2+HnlsAdlZgpjSr9l/qZHIlXXcz7g=","Ie0+iezNvjcmr7v+8iIxDQ6WS7hWy08vqjcYpqE+Mjg=","8uJoyYQju96TILSmQCkmgZ0l1k8YKXFUXLKsqv6XB4M=","KsCMK4QJ/sQTe2XuFcdKQAERRTZhVE1OunbeKKVfxsA=","hNmlUSiz9kMnZV10xiXNlgkjOS60LO6dfHR7DyPOk+E=","RZ7SliiwrXPuBNH6cY8t0FE0G/S73BwZAeiJyV2dE8g=","MTLL+xVcFJMN4HFkp4oTAg5h8H8SOjSnLOx/14rKl7c=","i6diDBVHPF9X3JxD97UDikG8BxWv/wBziC7h/O/K73c=","+IYtE+CbvwI+C2DyHtcttzdYz2dJaMMCK68uouYhZ1k=","a1cHs2QxEATwzLgcSkdoxE/C2xnueYY/5OQgmrJXYtU=","G2fcE9XCniNmavtsnFIyeHSwCcCyqyNnXAoVNudjSvc=","NOUTDikmY9RvH2oKzheypmZJYg0C0Mm9uQO4Fn/dtSA=","2rn84OqB75Utq43AIVkV9XA3bLyR1pdgW8bRvJ+j2/8=","jgzpYo1U1xImY4cj+m2PFPlR0RWDiAwy0CqQbfgXQd4=","1t9noK/1GCffwye0F6066iNYba/57yVYH6nCHA98XPE=","c+a8sQNDyOH18hz6IPky+6nq+Y+1iRNwMuAEhmk+wY8=","77HkVOXEBJMcSkfEp2MifHTX9UHF25FeSr4QQw6vgtY=","YbDzqkhOxy0pkxYICHe/5jvKIUmQsJ+IN6zj29+vBqc=","LhM/9JmuBPF8YUsIlrjJQt/BZCq9E6A/JRrBWvl6lrk=","u0uKFRGKZ7dCZ+XqtSf+Wa6t8L803Dn5/ngjLEYfM/s=","5Q6j98bI7Z51zdhrEzFKjosS4KY2FUcqs6IDzI5VINU=","gQ84q5/5l0hmzIWQkuDB01XCaA1mXqvjhU0whMdqWh8=","aQ57eISiIqvSK9VljUdKvWtTtVxjMUW1LlUW07gshZ4=","KduGZbt7+44wFqi5/Rr3Q3ODhPLcjALga4CXSd3PEQw=","NDBKhvUcHnasU28mN3YCvyIbpr70IUbiRZV77aLoTw8=","I16tV53evhqcNHjzzWuOLJ9VLS1JhD6rdiJ1JQoYA3M=","GKcAqzlzQh+ayUI5dAW8cxvN9kCk5Lso2sZQHHU1vf4=","B/WN6t8dTcU3Rulx0wNdiyUUp9e7SXCVDVgwepNZo1c=","Jba5JwsDcts6bJHRYTyxdLIElefm4Us9Z+Ur4Ysjy6g=","CujMKdOBTRKh2ziym/XfhUWsz+Ic3RvJO/zag9AWu+c=","DzJBWrHJCU9CSH+74tpPWRzs7Wb4MGJrbewGVmj8RHU=","7obAvMW0qFvXzUpnsh0DWmU+2Y9BNIqBZrcNJq5XW7c=","scGa7gcNHr9GOuIk+blF4vyrCZIPIO+XxXdm4Kxwupk=","BogzIzh7tZRwgvaPefpz4TMx+N0Y5RvtJgCd83T2bvo=","gp0nouGpvePuvXD9ztcQ0xZrbxFuo4twFHB0y4SVRyU=","qwfbcdWeFlnOqEDruqBLWc9EzL+PrS9c9espQf2WCsA=","kJJTgA7f2sYvs5wpHFV8+Pjh5oeiNGdOTnpsJr6AQzo=","aJWrhrlwPd9hAIdsF6LncXG8DqD/GC0wQxxE3/UstP8=","NWllwJRu5/0YqmNY29XOl4qC+ARfY7aY9ATVYlSKK80=","Kw8hgLaAWj7RVgbfV40cwiC80DjW0MyNdelg85OIz4o=","8sN5tIXE7BPDfn8ZIY0+1DoWQvuXyvyRdRxuDBFr07I=","wWB6m/Dg3vZyzyRUaK9oEFYAql5Tpcg4DEuJwDTRx48=","Lg3yD5p9JsbFkDmZyqe//aSW93UX99xGBUFqPMdBZEY=","BqDD2SsQUlF1gGMb+PG6zFlMH8Yq0C/O2jt7L0C5I5Y=","vCaHTH/BkRe3tYraYqxr3mk58LrfxQSM3wUq9CGrrA8=","mYMT18KjGF56Ruy3SrQ4BHxtZnIveyMcVBkJmMaqDRw=","cG0LUSsrKs28D6bXr3jo4e7T8sy5v6uZZj/EE9JtLuQ=","0Ij9sx2QXP3wX+UDJnpsjKJyKZYcCKLoKPBV2oRwOQs=","eu2DdIDe9MoVHgRU39OLOvfFbL9IuUDL1++q66U6UlM=","TCBsVsLpsLwrXdOEwAUBthz0nBQoSlO1wP0QfDfCJnQ=","1XtDq16GGrUNaMXGjcdkFOaxr7wTPhw+BLfqTN16MGM=","8CtlNxFjf4gH9gDIFr022gU4zrV71CfoJsBt/gdidS8=","5Knjb66eh0mfitbS4qANVEkSqv3pEUAeNVItBMVueJw=","xLF5juFKu/EbG26lY0SOJR4eehdaDg+E7/UqWvFloDY=","dPvxIgIExotwGMoqpXlHKLrVl2UTW+6d7adWQALgRmA=","zFguHKFShCDemOdAOcl9UWHIqmOr0DB7TWP0+VmXoMk=","SNAr6XFz14cTLFWZ5wYmAa8YALsPS0+D4huOIS7GoOg=","TJWz5yzCJloUPfVjh6OgamNqXwCOCllw0M7HnCYxtkY=","cd8LSEOLlhw5DFyBqUtWUATcIfrqOezgdu3UGEyVeGE=","YjpnrM+mVDPvdRWkPvHljgLsNMWaBm/HKoMw3SAeLwA=","jqAwK0BeeV86XNIX+kBJPsJi5itYDu9pfmjbRQJvc1U=","eGs76AwUeymiRzLUoFavybTTOMbYDBYWr0/OquzICxM=","Po5tKQbZbKuSszDKv4eii3IQkGRC2geJJCTYGqbmT1M=","NRI3ELBAOpBc3wq7dNvICBvgbOu9M/nufgZ1X3QiuQA=","4dp5hdYAhzwNroumCGbnY/Gtl6d7Yec6HBiCbqWOYhY=","WJTij0ZNUdYj+Gkzt538TnvV6RldKcwmm1dWMk9Wk2Y=","THAZYGVgLsiq/AI/6T0brDz3xYo24jjGGMkajknV3eA=","568evka+6iEHVIk7NSn/3BMwyU6OxGPoOhfMPQbC8aw=","ZqPAceS5QaylWW+xLlAHRnAWNSajZzyDB3eqsKRyHqU=","XQqbe0oLOepakwk3X5AYUoc48OPEKd15GSFmjSZDoAM=","XNaXBtH/+wMUZ+5ig7NKtbmgWh8sgpPPTepWn+AMkic=","GZMl4OBms83e11kh6I4yL0qRhA2YRtJqAl56i19qPpA=","EjZAwt1nyI00WveNYMtH+fakTftp0ZB7yjW0b6WUtL8=","FDWtQmgFl0nOD536pP8VTA1ZPPjni9Laz7aOFlE2dIQ=","oFkk8/qfccLt2BT2TPczLZdiu46rZnqdX0OKqPITkFs=","I3Hg1EJ9MQeD0Y85POFeYpJ/uCf73zbMUOILvxKPrBI=","160WsOJisTaQ0ElX5lzsmFL2rjzAARd+atUAiLQKYlo=","XBjJBVK2/W3Tzx0GgGZc+EBbEgMVsigHxNWNgIWLeaE=","mpMcZsM5PAImV6BL83wbiQ7RkhZpXGCPa+d+Spjw684=","FThtJPsa/z9SmU5E5dtaCHKNuUKn0t8P0C6mXGPFYfk="],"block_size":4096,"path":"images/Style9670.png"},{"block_hashes":["MLcYmLVp0uxzvse9/rzojs4lMBD3LfIyO2cNO9XM2Wk=","2uN7Ig28+2ykY1O6aEZ7wGXPbiRFuK/w3uH11utYFLI=","2IqiqzYN9NEoL+IfvbTjC2MaSK8VJMzL1ytBZ1ydP3Y=","6ol4ZByNPvkPmxViadKjvDgI/xBZYGBJAaixa3k924A=","ro5Bk28TL8G0cZU2t53tk74a+uNp0aAc3OFRlisKjk8=","/jcEqf7g1YLzL/IMf04IW0WZnE26SGvtQxNO1BvRKt8=","I2I8eL+iehsf5IavnDZPatdtQqv5uqMOWMFmWS9eaHU=","CrQnZZXQMTOu6MJhjbH5+pnEKN5Q9lJgons43OEw1O4=","anv1R/DKr5g2PxHr7jztnIqWwZe4oPlfIc9VHF7qCRI=","y4v5n1TCPf2gppmQksSAxSshujt6fi84ITQUHN1ydEs=","oeyyUTKLDlo+LZCbub/Nra15oBxQPicwqhI3tz7kLZo=","FcUXNLksalSoD3PUDeq1UNrSHztZdV1en/am2ztb8QQ=","t4jclJc14OjFmRhO0bI8fuPQL2nAvf9oHKpc4ahD3JI=","nQCSnBk3wySp879OafIkpYIg01LFh7WhuO+QNVQWrys=","seevYSQYhiSkFrZZwbFcFkMuzZCwCHMyL5VlXhAhO8k=","K70o8uk3y6MtMLqHEq9aE8t8R9r+/+ZEbYfCM6m6MbA=","K5DzUzBEcm/QxHGizqkgOgsncAU8phLvQ28r2If9GHM=","/Ae/te7dYZgiQKcXTLVDVONg75ttztgylQK/6voCiw0=","tNA9PwDFSL4KWhiLo2/dYC/LzxFcvYkTfr5PTGXkiE8=","5RONYrM+7+W/CKiPidngciCZkAuxbx6/tbsC6zzhtRY=","6r8AuwQhIfD/9Bx1z8B2vXfVmVXxm56c1ABucXUp5xc=","rdN7YpPL2GJsEC3ujbtlLIHKSy8PlKCZEFcd0z/606w=","I60lJPIOfgde0wBOZ+A43AJ3hwdk7+3IMQw0vGbEWmQ=","jCBBzI3ZVnVD6ccI1ok6eAlExOgllj55fwYK/upBsHM=","NvTP1fsph/+UJSC6UCFYk+AJWvNTvq3m9VErmGF78t8=","M/V7BvQS8zXQebtKW847vy8N41bwDl64UIN9PzzOBHI=","YG8XF5DMjRl6UpebNu3JTiahcfN3Tutt7RNsJ2Adc5E=","y01jwDDlblp8u16mK6UVTP71qH05JkQEyCLVWe7OHBI=","RCg6EegC/DTqy7Hn9XV+rPAla8uCd8QFJEyEUPAizyA=","Q2XNmYaT8QRxRATNIRiN9zfdtkljLZ4sfQOIS079B1Q=","PxRkImXFhZwQImGiEd09mr/vHcfeoxpuBsSeF/ZlwQY=","aI4McFphjIizgVu0t5GgstiQnM+VDWHD8Lhg1En3Us0=","oRe5OedRPd5M9+PJa7CCPWfSk+POUS5tsLTPe7ZVa1Q="],"block_size":4096,"path":"images/Torch9800.png"},{"block_hashes":["gr0+BNpOhJ9kUtz/kU/TcbFTloQsISMBlT8Y1ri3B8w=","xXIGz34XoWqAsDB3ewkZQosZt3z6XrqhHCnSiFi+cbI=","9+e12aLEB3NALlU0d/OusAuofY6voCJKgooEcNirBTo=","rUgVbw7D5HKxA323vNGA3zOWAqlrIdVFx6vdL4cy0B0=","77Bs2wuB0xdgi7sz6P3vEhhVIytdYjnCeqUAGyed9yw=","GnZgzpwQPYSZebV7z+/45cKqEZ1UIhdinRjnp34le1U=","U5aYCge4tSSvneMuh1xKaD3r3DH2p6fRFHRT1AJPMSU=","cp5lNG452HLd09oAH1gY5UFRFWNUEgGgUXazpOiBx28=","ZF1wDCSh5c6r1FjJZW6xYnp+xL6ApZ0fR2Ae3033fNA=","cX9LX+pL0SJHU56vKjxb1JKceq/5BnUMfUeHFO1qif8=","kQURwqSc6T0qFhDihHzfzh1eHLb8nbTyKLG7XdfGaPo=","9MBJpss4YzJgdDdRZ1kc0S34otHc+GLL+AY6baw0/hE=","kRrn8L4XDQcvjhfwYB4AWbVUsYw6w+cG888Z93RT2d8=","ukO2RbjINLmapUf2YnhN/74Zk6/xTWWI0JvfDFnoom8=","vQw6qIZKEumsYNgwY/8uyRh4Oc6HdN7W9wVXjoSVZi0=","UxVX4ZGnA3y57YrGg7IPbXoxh5+SkPDEgcMziCD2v8k=","upP0kbUxYysUr9zOmgT/mo0K6tB3yi7i1pR+U6Ev9Fs=","53tHmpjNnZh+mLrOsp+Jbg00z4YR0fYsV9HN13z2gdY=","2PngTBWlk9gZvQd/s5oeV28JM0fG4Hj22Qc0lz7V794=","0BBOiX7nVIqEutI9Hjo6yJ6udTz8/WpUczAUkJMuixM=","8H7hkPYv2YzYrkx1ZbeTcjQUxDJRQPLv7vFnEVXE/K8=","XFkdPqeuL5EqX7O9Ka4MTj1YvrZiUDzb9FqNPRfIRqU=","B4LMjccWKsltzmoauxtjNO/hsC+g0fk5JryvoScWt2M=","FOra/h4V9Hp3Pw1MRU9gsw97Z/NVkGNCp1DiMB7HayI=","9Yo2MnQqSCK/jJKNWMGLsx2LOOsgeS9ISV17sBB6gzs=","eY3dlhc10rHAqRS4Zj0HYeNrPS9Own/cv4/dHTLDCSM=","7+vn5FZV4MkhsL+binbtKgAHVEvdYH6WIJNSsVzdH1s=","mepO3vpeC1LEmKFIpwWEgt7SgYPtcpbPdrYV4nG/hns=","S1NuHQ38vJlKqE6CJ6YirUXexuofappzVlPTagvcLyc=","xYw89AD85dNWs/XHOeun9UfpQz6CRS/dT52NJ2r5W4o=","ZuMu0/I2NeknKc58r+RvmqR+P5wq4UCLVxSz5PZuYO8=","xTogCtxsGQsRgvJNIkGMF3EginJCwED/DJVL7xXXECk=","O+cNnoFkKKbwT4wO7csqvRXTu/vL5Advt8oihZThjCw=","e/nLU1bf3MMTb+nrmE8j1dZ8MgNT6B2OC+8U2nxEyxo=","kwKHsJc6dURYVZrBv/iTnohgpHSPbNoIx+La/OiS+KY="],"block_size":4096,"path":"images/Torch9800_landscape.png"},{"block_hashes":["Qeaoe39MUPvDrYStRETmNkHcsK+Jb4ZcqkZ1NTLzxWc=","/owrh8TqnNYVhV8k6OZ4ikPS+WR83Z2egH2hVWlRSbI=","smogBIr9tetQOEJ1iX+SZpzcICTHhc6fGOhj6fk0zkk=","ZOgSNOS28g0rZ7lLO+osG58tJc0BjUCk7ppc+qc9LVM=","OE6REgOcaDzaTvNQu28tRY5VxMbFum0U1R1JYBMpHKE=","/vcP0WPoQc8Yyv+6XBZW4kcjmW3Lp1afa5WwnBvPzJk=","qkAMb0BJmSDOyFAdfP8CfhF6o9HE/al40MyhLcaHQig=","4pWEopXTYE5iGVeEfEwGTuU6zaN2h+boQ87X3F7NZPk=","3nGy5FX0aZR1ypfkYidRFfwb1NNVVVONbQeXRx0uZeA=","DmbUK542MRtjwf0vgEH2IqwLO7kO4+88TkSivox28+o=","sF9ZGhn0KTgeEfNDs6nOUVJD/oMofFMe3+e6eW8SxkE=","8W74QWPjnXosgD2lstj/Y8KCpjYIwxeS8f4FToObhK0=","ObUMQIcTwnePUqKLbXOLdkibnP2+vAfYe1V9xGQYOiA=","fVtQ2wNlcxXbdCux07fJLhTpQJOTXEpr9VfNrh+Tuec=","oLkt+TglF78/zmA5GLhVnAXFVwHc5upAnFDyAsTHywo=","PQbqACszIVVu1/bk65rRpCXF0NGry+PG/vbWWxgb8L8=","rloEw/t28RLhcVh23WAvA2Fw0x5e9bSOF+ZE4mVjIO8=","qTG93O+55UL6871WVJf4fdln+dmMgL4zMycNKloxcT8=","RNinQ9EIo9OIfXXZ5v3lXFQggw3X56uFWRRWMlbGCuk=","CHgJN28ufQ2VGBk7CcT2ugyDuq02kB5RTd298wce5Gc=","U9KiyJx1Xnr0Y7BiupVUF/wTkTFQd8H7Ko7CBZlHBtg=","IjzdGhCOIT0K46YqoHVHLLoEImBhlK0E6q3tsoyDl6w=","cLbABfSo9lTp7vS7UroO/+B7uZdjqOTX9QekNXfcFh0=","D5PvWtw8IIQc+HLs0vl9RxmA8t92Hfz2uBhNXYP41og=","2XJl2Qeg1ri1fgtjb9fiY8AANW5mo41OBxDdv8ates4=","D0rSNlwh4ISXUxIIl9wkhp9Qg9Su8v7rs+UbrfoLxdU=","6Od85Wuvl3xfeT7txnXQFFx+pBvfXJuE6U1FhabjCRg=","lhNP2ltOZh8g1USRk8VeVDGPnRUhzZBB0XUASUMDUtM=","VSlST0lsyYH2Du3yRfa+e2+W6vybEBuE65z/Fi2RjM4=","d+Bx/Obh3FSUf0hfofxWti1Gb/DZGe2p+9nkggHEHMM=","YoBjW66mnizI6OR2fN1FEe/NytfYU8Cd/GMdzs/PhIo=","A+dh7VF16LWaONdH8AoLAUyuQ8utgHfcJabI13IY40A=","z8rKaHDYAgcHu2c5gxWxoXcoMNTMeVH6gYMbxMN3Hmg=","HGHnDpvP2H2r4za7Ymi0yFD1gkAIMAD3PUn9o6tqsCg=","sOq+d82hewT9yN97Z1IwCuEF0DWvcJqFUuo2Z8KCCB4="],"block_size":4096,"path":"images/Torch9810.png"},{"block_hashes":["DUnAnoFsQVJUrP6Bobpcr5N+LEfn1iGCUfWnf/5K8k0=","TSAPFp/Wgv1/gx9RgcdPye4+i2ECOiTTy7aIBvHcxco=","ENEDJS0RFRq++Mh6FbRfn3902CUDwvc2ntx6gt+vlM8=","DZ66qIr8v5zXv3z8badzYIwlldT2ryrASlBKsKELpRg=","LGHmfdccz1jX4WHNsXuzrWdl+KPgTOTVfaGByTR11Pk=","nu2tLjb/77trEuHk4D/3GE/crmY89BDEZldXmpfplgU=","4FAebj5GikUJU0tfpUXTzy/+jP3kvEgZRBIrGPlR3q4=","9kN9jvl355zR6SCmxwDuBMoXejJ4xVFx9iRoQt7SI2o=","1Nh03gsEYmpaOr6rZzDcg5gDVyKNVXe9BazTuzeNfPY=","n9d9Dn7Eo4eCuh6CNrSoka4GWCmzM+YCrfE2HXDjz54=","EthgAc+8DBmNNaaWByZE2GOs48iiSkhC173QuQWZrVY=","OE2PYW1VCO5Y8RgztUaWY7ZQgRlyQA/QQq+QTHu5t9k=","gxlKn2i0fX7YRrunDjVcfK2MneQ/M7WSyRUQhcy7YZ8=","32O5fEmLS3sTcNqvD4N87HAXFEBBbyKgfTbg4d208Ak=","OIdjy+tgoRj59qnShpB9McSSF4jhXuNK68GqaEGRy+4=","x/giFYqRZNzTKYLU+8C44CssEq2hRmD5nAFqJr9C2EE=","qcHceREAot0992MV3h36gxe+pueRsWa4CghyF7zX1IY=","27dpYiYIzpygwcRrSII6Sf0oDIQD2wcj40tv2hOgupU=","4WrxNx8pgOkvC5DjeLXQBCpFMLYsWJfmrMHhu6FX0EM=","25MNmPYXaLtW6S5BckAgQyfbxZ3sdC0Ng+AXPnTY6ng=","NHKOu8ag5nYrgV6TsOLLDkTNomvchpkWNc+8uJR8APw=","jO+Ejo6m6AAY5v0/zZKkN7j9/mm170xOS/FenN4xoQI=","gm0VropEfdQwmJXz8MoAEWqugBwTc9J21ynOMkjVmgw=","/4agHj2xY2QsFOmoQ+F5m/fX0OUzJlWN7a5ir6kBEug=","Buo3bAqvVz8oeE/uRV4yzoV/Uzv7k+2ohHqTRk2SX2Y=","PheNs9KcRzHUP7VhIOT1zC5yKYAIf5E5Vh9w5U8MwQk=","44NNeR/pKqN2NSYrbERAt7AUQ8WZw/Wr5xan81Lztk8=","a+ne/eAxZu5CcjSVFWHBfR7vLy3M7rrEc0ctrs9hya8=","tedghPcNywcE3bBwUJCarFDI2tDEM6vv6s/bqjq7Vsg=","Jzjd2VPJhmW6vmS4mGde9xUjvuN3QasO3TjkNJQLakk=","Awubj9I3WKReVIl7k/a26+ngaGbF8MTzYnmfGjMIBZ8=","YAsO06JPRaU0ccKCEewQR7EXLdd+cLmGCxjrd4YE5dY=","BcsyHuXBv21u060CFjT1FWIjun9K599pgoSdjBurrFo=","jDoEmOn4s88QyQ3gUA3GqeGdoKbgd6IYJ58giyTZ/M0=","WYi4Oj8y/JQLXcDXPOHbYOp+3K6fjsEPfLB77wJoJNw=","7wSCiHhWZWFQjP/uO3hPtxMmlupoKJb4vTDGsbqbyoc="],"block_size":4096,"path":"images/Torch9810_landscape.png"},{"block_hashes":["2yyyjyIB6BKREGFHvBdZnbUIngY+hEiLIPKp6+sBig8=","IX7KRRKdBiBb6ypyQw66unbhThIvrstCb+a617bXk9E=","CtzhfCRL55+V2nXenvUyGO33f9nz3NVvvMeE/3Umbro=","eHCf5A5SLyNnIfpUiorslhEQ9bKW6NI1B50lkSF1mqU=","YzcgGfhd5bI0+DK5d4Jm3zEiu/CclBM5fVtNFDgjan8=","dZVppu7ogFE7hfZDfCWvuLzLq9NmzuVo8ZUOOlIGbBs=","H3Cl7mysOvXdaq2Cd0iYwNSUGvPsHJEf1dSJ3YWeDj4=","m6WrF/vX3eyDBOXU2g0fXt85877DMrMOg0bTXOjcv8o=","WRMOl5QzRbln9P3WVcb0jEFaVA7h5XoYEjV16DcT4jA=","SEep8ajRNk5e3Yi2IwBJeuC46A04Zd7W+EdqmJXHhv4=","9W2p4WCRL6Qc1FQNec4SAgN4/ZFu6wxJSHoc5LaeITY=","FgMQ5gP6VKgiOXVdKVBtzCWE53OnOchKwGV80FHfVq4=","cbtfJZ7HnoXvYzE5oDCVLd+u+eEwy5STRtu28L5LhfM=","MOMCKOoQJEKKRAx1yxa0dGK0aJ8lZ1I8+VucHMmTP4c=","Cb5UkoR6sZLF7tGnxM6/mXISBhKQZiOoFRI8lRrafhw=","vWy+/r64MVdEszb9a9ax+NjkwQ4Y051LFuzJTGN1CN4=","rx45Oc5uCdYJkpxo+2RNI0+arr+Wz7yQnKC/v+mX6LM=","IHQmw9d3fwKhBynd3MifZcIFnzBydBldK4pwzLWKR/E=","U2YPm5By/J7rl096o0lZn/qDOCZ2X6ZrCi+hC0PWZm0=","iUWwusMIx+bEeqO5w70WldYYKqiagu6DRTCwif/BY/c=","gJVXA7vDEpTbafCd+kBGliN/KANXc1dQMJn0VwzDPgo=","UdDHfOsTRfleo0d9KVX3wns7ZuBm96OL6Q/1zyM2YIo=","lgF8Q32a0h1Vl2+FvyxK2nKrlZWMlMkk0CKUq6z07HU=","GjSqIr4md1xJA63jzyOsQPTpWvcxD4DfBDJdxsejr60=","Zjof2EXDJVvyhHck3gfFQfPZY7/nlOh7cyQGMTgxrk4=","i7PsH8SukH54jdTvX8adS0Ak0uxo7Uyjb3670SaEtig=","+5kBLEpbIm3OvWeS9S2fcEFfAL0Ti+8ah/QhatsvsfE=","+jPvKdM49DtMPdMVQuebqPUCs4C+BSpjFOhkreau+PA=","gQXdFx6ENjzragqepkJmK1/CwQUWsJMTXiVjwQ2o5Sc=","McncgRMANRn9Xn92qTcMTL0FElfQJjaDo/IBNl7aVzE=","plCRvFe/ed0XAKw1gvnxwHRl6pG5it9rh+FDFUEmCAU=","eYh/ubc6N4pYeB3VgMQxaCGnfsNHgscbG59GxfxUbzU="],"block_size":4096,"path":"images/Torch9860-9850.png"},{"block_hashes":["J9Yzfp8gGbm9CzmGimM2YcacWbTn+lYzBmA3hVfSpmc=","ayTcBWopiuGhyE1o2mDb/ujTJzWN6wc7EobBDDxVbAk=","7hJx6gehAeEiD0391c23sMsmXCGpNtU3FZp4PN1nsCg=","jL3gkXenUtqlJmKQ1YSZXoNdEISlKUcPU6c4dm7n4Wg=","iDbUU3CZ06ejIkypoeoGe2wDwugW6jomdJlmg/8+IEM=","e3JGd6PYnPTBHIjZsjlfEwf/vlJiuHC4jNRJG+xbnAM=","VrUkOubAyzjdTdUItpcyt3CNfH+Uc7gU8cN1t5KKC+k=","CyDsV1xmZdiwoogkIuSiUBey6DQJJhW9xOpONsH9ecg=","1msy+8+/q0Or2txMd/9QCSwgy0wu2J0iuoa9xn87cnM=","Vh+qQg017A2lKmuQs9PBqW/uRXzpPUAQqM6ZdTF76OE=","XAQ2aUcBwWWWykFFixhaDE9fokPKmZiPozKkSCgWai8=","vmN5i01Ukj5VaRQzfX0PdHGs7u+1GqQNgNun5VW/39I=","RYGE7u1g8rfmxxVkngFOOcFZ0KwR5dhDWyI7Bvvt3U8=","5PwXMdRyRX7Nd1Fp4rTTy8Kb+xCBOPsBSuDGnCA3pWk=","hk2HoO+ZlB7y72rplZ7nkBA7lzgNikLhGYgNZqR+/Eg=","OXHJPdVlFzYBOyCdpG+ITCRAHmRpo0gKP7kJIArow5Q=","GKEBVsIGP7vvrUpYtqjo8g1PCfUrVIfnoXyX3maGVJw=","z6DTvH4dTyXjI35/ZPx8vq/4881SSB3xqiG7s7RMENg=","KbZZzx+zTXGTG6Z7q3on/pqSVrxtoupw5jq0f1mtBYM=","Ub1nuPRKCspp0+I1/pDSnY6sKcyW5SCOGuUVNvZY0Hw=","5/DjhCBRHbKzEJTPy258euLtqnWM7KlKM008kTIsrgc=","Q/lcixWumBVdIOwVjkLGqOb1BMonmWuVPfdXKGY4vLs=","3KvjA5SU8LMw8Akzj+egIn50dlEVy4wsSGGSTFeAwRI=","1j8AF9bcx+LyPsZN8ELXr9/5peHax93qDm8DZHh8Jn8=","QQIPLQka3aah3eqBMroinsavZLHTyh+0K0T8JorvER0=","riD0mVrwaHI1rWTepWM8S6styr8vqMi728sMeLWC98Y=","DGowJhWVmrlEPgrQqVhcsxwfQQHx5FO76KnU/uvK5+M=","PjbPK7F9kV+q6jghcfhzvBq/K2XXMQymHlKggKeGDYU=","+PLZyyG5K0PEh3s0RP2Hzi9acbLwQLVWYl6jgyFQiMU=","x55H+y6hE94GL+hEcJ40DE8fWjRwgqcrIAqSIAH275U=","hQuIHsDzAeHBzw43UcaeS7ybMYmlBGndpMgtzNOC1LY=","pZh7UFWGaeM0uEyFpCXIES1MmJrgYZVTgUA+ILWcmKw="],"block_size":4096,"path":"images/Torch9860-9850_landscape.png"},{"block_hashes":["xswjV9T1Ijd//TsqfVwmbC/Bs8aKPSAchsre+PM8f94=","k43Eu1s+SNrPNQLrPeARoFpfNY1vlmGmbMQ8ykN6OGY=","5HUdnIDLts0P3UNJ5Os/V8HGh5LdJP25tzT7Qv7wTPM=","l0qlLuXeDeQk5J0d0PXVj670cfh7ckMrFIHOh6iHdNU=","hpqTz0l1rprAo78d/x4BbOqMwOqVCsU1x0N1ytubIj4=","L1G5XFEebpLch/rp79JiCCKWBeTc/wfvAXtTWpKaK6g=","II657zOTlP+ZMFpj2d1CDji8ThhWODnneOEndT8c/mU=","mZEId4OlJsha8/CkZ8EU7pvuJ2YO/4D1qzrXsvEHzTg=","ag+JyrNqmts8XFsPdAjXQKU7ieAQbKsCELXedsmGnaQ=","IIAJWChmS+QROql6TbCObk3Jr9GdD3g3EgcjhotZt2Q=","MUewz3axP7w4tMaZbPXhP+deFCIczdl9AFzi/FqQwwM=","EzklYfpJ0ZLlOpJT/LI2kPtlyNeT/IOFPpqcjB8ThTk=","D4iV2EzjeIl7F4KNzrWx07+dy3HdvHDIlRAoz5k9ITs=","5e/8uSzf5YPc9Ds0SQ1JdfPoWip8vynhVy8YReRfTq0=","kkJodbclEQ2sAIa6CtHlOAOXqe7qPLC5QgqOlFa+KP8=","aOMqnzMHrxNaEjRfZsWaBgK/kBlyI+JB8y+X439CGH0=","4w20WPRX598OpbPF0hc9nuztmiSGHgv8YKrSFGXvGcM=","FSDisVkv5n4njxgyWACPWM7GEDSkzjEUBoq9QwFWVJA=","2bnNoZ+kGQ/ujOXOHdHgZmCqLN0UmH5nDUFZX3RLgW0=","5ojDUj6hdRtGRjeh+iuGQMSqaDVrwYNqVIf9L4s4EuM=","1kZvq4KwB7rH4ss72M8j+5gKawtlSxa+8i+ksT/UeK0=","rHvRYFAp7ap3dRma97apfJsuqPu2Y1qADgqdaNB9100=","Ftr39cq/MpQk8SvevEKC37wS6P/hpFey0Hdvja+/sMM=","MapWF45qcXgyy3V7CRZfoYI03B0BMgJ6Cu+ipnY9t48=","Btt35X+Chl287FZzeZPxQs7tpOnz3sMvcENzLB4l538=","/X/9F3xr/vEdBjrH2jjeGX3beCrdQ4ZmC6UZFSuAr5k=","zpM9oLcRBPFj/UusO2kfpOeX/X1DHh3M2g3F552VS4c=","fe0HoyEppX8+8tUNU/uMkaKDS07Kq//jF7OC/jkWr5k=","ALyP5D5El0gTPDIi0+YVtsYIQlch+B1rKwdE+y6ZG+U=","QeT64XDG6nzYDfBIZDoC2RzQUxY4vyNP7cJUcQ2IJvA=","yMG0zfD252ux5CK35JMia0Gz80TNMR2MEkINZKnlbkg=","8d+dxtsJzyurYiA6WkS0b68qq60/+kqF24f0tcrvIsY=","f4u83XLmbsipi3eMoGIYgehwi0aG1tES4qNlDLbch54=","zkfhv38AwaUxYGw27pU6om0rDUk6sC503Jq7FGm9e5Y=","UBd2DrQQUPp/QhQYy7ccpNWgA4hCQ1SYL9O/lRSFpv8=","92Zn7KeDlvLJh6IEwmquFDtR85B23sbP15zVWd9GgTk=","4qb3WxVsaGa6ckZgfVy9HCHWiGuEdl0jS1eB969Zvcs=","F2EH78V7m+mUOzGqAG6tzmALCMt2yA+NnCw0BexjqkY=","ZdNaW4R5/NdCJgTYsPjabcgyfts62nxluKz30X7HE5U=","1+V6gncKh+C4pJDsmnJF2+JAiLmPe1RwFmjGQ5o9QiM=","qoangp/flsMKxg9Y8ZlvbJc9Ft2o5ehJO4N/TfscIho=","VKNg+DkIzvgix9YhNtphe+rkpeB7YEMCwjXmUNje0ig=","Hb1MO2yFmGY8yyKo1D/3lDctOoOpF40SW63YhUUMFYQ=","N/eggAGfh3Bb/JCN6ipJyKRA8ZmL+C6flgxEpcYK6hw=","MH+5Mp7OdREK3CR1qSnBe80mR+mWHuoJDNWELksOLPU=","M6/pOZUSai+pgdZ9M7j/G7m2m3Il0r5VIyYP2qlWEvs=","shz3RHDyFM+dMxEb8J3aAC4ij2b1oFl3X7d7ZIsxY10=","T8H3u7o0I3r+GeWu+fX076o2NbMXic4bsiqIL4jfWMo=","Ad0HEDCIR3Xiv3CGnZyeyOgsgdWtdtnksMxQdqraK8w=","eOs8jnwMGsBJN36ygKC1FticsqobiIDD1EDcbrqNct8=","fudEZUnaB7aehR1r/CvRG0+mG57VUGbe4YrZNBegGbU=","sIes4GZO888mzwX01zgSDECqg+L6kkBFt+3i2AEJwkw=","TVMcc7KjyMMgqUGH9TTxBXahH0RMcZJ8OB/W/CFsavI=","BtWVhfdo/lFBjkmhxMPMLs4hadIVdmNshW4CM33U/m8=","oCA9/ZMV6Y4yu4lnV95Th7YH5a00chkCLrZpOvMPZhs=","oYMnBng42MqaqvS2nBcHmDjRUsEgLKoT/4wl8ThfZnM=","5+tkVMX6CcYa39QxF01/vbMbEpQraR83oH8FSBNkpUY=","QZ8ZeIrHoh5l7QQ7265F40yPZ+US+EXLkts04PcjIAA=","LlR1HeMKxj/PN48eGwo03QumNuxnH2OVj2VrGkG7aEM=","QVNLPM8VFTnoLRHvlRIbnokV8jRYYqhVgV+hWWZE2rQ=","iTxKHEm2DbpLTruLfOX+I+ue7XvUTCQb+nO3kZjYZrU=","+6EYkvU14NJs4EMue61ZOXALPvZyUkktVuZ91kK4pDg=","GBeKFhEMEgQzBSwaCg5ZjxISki7AeIHWd/4GBShFTL8=","u0Y9+GtyDYgib8ncML76aIHi7PCVrTrrqaF4L2k8Ybg=","BlcmXOPyvPCnL7EzN6wBQGu62cNjRGyYtIvTdMCobeA=","LW6RuwNFshNmYrXRqnM3qm1mWFMwr0oLZJmC5g0suLw="],"block_size":4096,"path":"images/Z10-Landscape.png"},{"block_hashes":["JRFAbs3Z9jykLGnaJOtQk4/Zqw8piwL/NG/EEdOQYFk=","LvSKgxU6a3Px/F0wXeFXEeV/D32bA7Lxul8C/QuwqAk=","akkGs3EKFDEbMDfq+m47flS4Vk2d/oG7qdJ+QNAlOtE=","zIpc9jW8Pe/ktBVhzhY6CaiEJXTnEZI2Gcye7wT/Lyk=","0eVHZjXCHqoFhFTET/jL9DGaWL8sm83f3pzYAPTB/z0=","4JNiFXOrF0dm0OZWe9Yy5q0wEBFEbjM+CqZaSpE3YR0=","xwL3Q1lBzd1yyhlO4fhACSJBRZzzQypTEFSroQifKww=","NN0eUVen4ICaLDOEG2okuj6HGId7dhwFshM6NxakCcU=","gEcqLAjhliN47gzUIvgOMxVEwzkNv2J1xqbRR28U/6E=","h1dooXS8RozD/zaip7uMRYyM1SHlIXekm0W/YxP6ah4=","02o22TXyVm1/LhJ8uICUhle+JBCD+dBtWIDg46OYvjo=","MEtPxdxS2TvZexgEiDPrq5MU7X7ClsbUfj6Qc9IIrFw=","WXHIvDUyeYg1AJ9yZxZCLk1m1LhTXnhj6ETIRv7WtqI=","8FS0GPuL9cpOeeuWvf+gFEow+DotupPev1q0Moov2Es=","n1vUIryz5kDLVP4BjTrIA4a+RjZZ8sJnJDJ9NpwCexo=","V0NgSW2hWKorEZ+yi7HJqyLbOszkrzkxrkALuQIejGw=","qa44LWUXdBACio32OqCN9Jdi1gu6IuKC492h6yYf6l0=","oZlVEHx1HynemVyw8mDdDqyTHJg88XawofpC9HILY38=","WUzXXnl/WwDjW8rqq9R0zYY8a7Iobrnwt9/Gw2YCNdY=","Q07QhHk/NrwLIYHp/KUTVEtxJFLeXnuK2dUkVqtxNrs=","CESTxWPmXp8+g1EOwb9/d4IYZS9euPlXxkohr2zaA18=","6yBRvRgBKDQRWOQ51Z93f7LNqZv2YPfhHkFbMQuZNbc=","Mrt3FpoLZJ+0DdNyDm9YvCtSUddaIaL9R3hlbF7RKLs=","P6hWBgby+T2KbjcEV7oDyI6yQFS5DRCCQBWgq0f0Lf4=","TuBMmOFsonnzyAkhtiaCmZIVtf2cyk3xDIpHBMDUKuc=","b8poUvmimk+pnNnk2gupCTrQwbxo/+eggyNmJrrlyXc=","/hS0In+jsVkBZnSRy9z31bgBYxWW72LkW0HhSomlNus=","Y+VdisY2ZwESsFB+L2T8VaiK+g2Q3UJq32DmM7cBI8g=","Ld9R7p5zZQiJOkltLXpWqpf7Ypm2SdRNDvJ1BNO0MkY=","ZPFvx+8wRo4K2uTJCrcTGJB8Ew0YoUp8jW1fGB/QfTo=","TNX3wA76oSEuuKFchhmr4NDzYXFJ6XwKQ/mSZJ+y9X8=","kM+9pPBjGDtAIYfdo7rsaKZEHOoK7VLPNLezn120MbQ=","txuHT72PSzk+2Y7BDNil8aJL9s/9O2jistx/XrI1FS0=","Z/KhQZL9paMR/6NN2pvLii5NLIRagy/KVXcZtKYo9DY=","xqSpkYOcBMmTR3LIQb3uhwVNbk8dTeK+Gf7JUerFBY0=","FuTq3HygRgYvEG8ZsDCaM90cA1eWWIncEb9MJVKoa/w=","YPB2Wdu5tmLO6F+GH0ma63HX5iOaiPlVb3+CI/bPN1w=","oaBfMQ2Oo+tqQ4uC5D6z4PSByC5BljOcCfllS2hfUIE=","C0hlx/5XlXzAmXEkEQu4Qf0BCeP/Jvag3sky0o6jLE8=","IHb77GQBednupmLwlKKgWw4VolgGbgUFiMUuJm9pDOY=","sj8FCnmcoO5TgEOy8j6zox/8wY1r/bZGSaselNcZHaU=","ajJp5TlPlb3BsEW4Al46mHAHRmp3pS8a/NSmohdapHQ=","FXOuwpfC8Xk6e+Bb9rgXCmpQO2kvi3ZBAjjJdDZqY2k=","pJyfm4sv4FwNdSXWp7CyvAgYXAWyoPlBgf7FeYawr2M=","6f88L3qhyh5dIOXdNRKsQ6b1eGuXJTXTiXxFozSoijA=","6zmi7xvZasPnFZZDGCgXAoBh3vPbmxxleUX90urPswk=","MhG/QAkZGsokkAZ1vxvFVz7xnQNi1uO47hSyxZKF7tI=","SUfvIy9QFob8pwelEgy7GxfXjFF+mGXsPEk1KTZyCdM=","bXgiPgH0hUjQl0SpAQEwalHUBZbXMUJ8Y/6sDn5i0NA=","x0A0QXybOP9AcOo13XpPmN93SbMBK7aMRLHF2niplpM=","MZAtu/LtWvWJfwiPCDpFuWJYMW3Jg/gBJUUwe8FKxqM=","3HEmVJhelA/5iiqH+LP9ll4q1eem4EAssNyvrKKwSBY=","Fzj6//XFqXIydXP9ylYyeXOB/jiIfHz80Mng7c3PVPI=","pVBdm/5WjGtCmN0X+QuDm37kg5VNTgXv+t2rAPouw04=","k34bPw2Yk+1vzD8yi8c9Rd8qgN+GatVTOl/2a/jhWTM=","eKJB93mhlJ3dT4RoBLM0yJUvSIWxFugNcj99e5feSYs=","orcpuqTWZ/AtfzO0WmlXzC5bkZIZssf7rp9+wINbyBw=","l6HPVxjTZbtvbQiUoDy3dI23fNh6lgH0DALsiEkn+5I=","hh27d4VF6k3ZE30tDAiE5UxYJy8lQ1OiaBgFRZhbtmo=","ck+2OMw8b5hZdCihj7aC34Y1aPXIO6Zp3j7hNrAwNrE=","UA9bbhGZGe5zbCpE58pRPDKy3rwj0IcYaSRCRiOg+HM=","F8d9OlWfYytaOuqIVxhfoCH0cj6qabAySS9or9/lYHE=","cV+y294jNU05Rlddtbz7kc94n434tQZ5RDlQczVzHTA=","eyBf/Fkbzlf081KTNWWaZKLPOcNmH5ToybDBz5awdhU=","4X5rDsT41Elvdo0YBGxOjbqS581K/ttUlrcd75d8jro=","DKgqElO3wY5y5MAe5tFXx4Q9j11JnKVnuKEQcpEw/wM="],"block_size":4096,"path":"images/Z10.png"},{"block_hashes":["c/sBov427XGFfACUdXDC6PI98CL5wDiIZQu+XH7yoas="],"block_size":4096,"path":"images/arrow.png"},{"block_hashes":["fSz5oS8IUIiMapc/vjAZ3JOAzhvy0sfIkp6on4WJmWo="],"block_size":4096,"path":"images/circle.png"},{"block_hashes":["np2EcEa6fhfHEPUduW9mkmU7/iD5WiWS8qoaUHthq9M=","EE3+vhw1brX+7GmT+rwKE7sISUbQvaUECCYDEhQjNI0="],"block_size":4096,"path":"images/compass.png"},{"block_hashes":["2guG8LUZU6Og+lpIz45GUna+5GN/i3wohoQlMal8k9s=","buYoF9UyHwx+okBEW8pQP9rMPQ0tRjBwCvgo4eerDAQ=","NfnfJVXtKqruiwyY3tRrtg8AsA71Bue0huTQdhSMNXI=","KJXKJy+Yf1GiAa8OHUHNzPvlDOMoEGi6SJq++284G00=","a9o6IQll8mkU8FSNx7+di5uEp14ebKC7GyiIOhOOKCs=","Yq/8dKRP1XyzN8XZ+DEFuCuKGqW+YEm2DfhQ0H6mwro=","suQDLcxWAecKroOBLkUyG2JLJOehJWEzMcc35MgT0w8=","Q42Kx7EvbpJ9tgfLtkx0CrN4eREpkiazr4BPaiPPxlM=","uIVYExvRe/q0NMJ3d7lSVh4j6I6KJVnP33Gpye+y66U=","kzWU344KN9sIvioKit46f0rVlmH5C1SMoL5itRmg38w=","G/qErABdWZCyuRuNX0weJqvqvpbE6T6REkwHT6D+nFQ=","gOF02nqHVhlvYQik6A3psGf1OJsHvTydSQw0mCrJZww=","xb9WnwcN+jBRyKORTWEWiw9d571+dE/RxYVe2nUysyc=","cUzSZA+bDKyAcROhHyG3XIsJxcF77qqsof25vw+WqTw=","D1OewlaaOlYv5elhA3qLTL6JDcQb9RR1WZfyYwxDkgg=","RPwpggPny26Nt+GRhHA0tgesx4P3F+Wj+k6kaaaM5Vo=","2Poa7s1zArLotZb/MQ5dDIhOjEQkc1yiUjeVQSTb+Fg=","AeIZ6ChXbEe3mUDla9OaA3e3dfCuo+cDWRXG9EzTUlI=","rpEABYK10e3lOJMRceIbHrQKixcz2TNusIq6rKTyRdI=","M80dGBuiJgwDzrl/DR3yIMoy6/bxvA02ovKCXfpWEc4=","gEQU8DCcdKnWxuSz0HWELg/W0uT7kF/YSN05mgRG82Q=","+5L5G+8GdQQvR1rl+5fJHFjsw5TmfmLdU8YQBim9HdY=","KPmcDAfco1VlsLMOTkSEfYtQMJvPFSAKqS21jwMShjg=","MFbgjdsxm2wtpIxT4EQg35T8g2tuhQRNz8lWLu1ikD4=","7JiWgO1v+yDmcJ8TTqztTaMMu7VSAJc6GKuTT5PjYBM=","R11A9OjQyw66Wnp/aNxM+biJLKeY1VmrutIRS65SBG8=","yXz4z6xe9DZPz04aBWXgd/f4AasHl2qBGpxVry3IPPE=","QON7WUFllK6Y3j4e8UOeRZ79EUs2Kju8m0pOl9f8YYc=","nK5pIKmtuwNnfcTqhINLP3SbQa12nWDnxxuRGerw/jE=","mITwUtEHePLPKIKgjlS6V06fNEaFfq0inwlRCidDN2g=","LGuU8BJpxrMIh+7ape5lCz52QbMTJhCF/BUuXOCL92A=","cJTzGcK1jaxeJoyxPfAkKcupZPfNjUORNX5VMdD/wOU=","KNfL3LZm03o7vU0oRb3WD6ps8sn0QGdv6jUDCoG/SIU=","lV1lNbVrQyxQ1l8CJs6prLDM8dIDXNq43/WPlVZUjh0=","4sHeqxbSsXlc99P6noGzTDhgIFDQ3Dx9A5csVBQHlqM=","M6P10+B7hBML41w7K3IJVfkeerh5m2rD1tSNJW/9f4Q=","46iQGVyg+V/UkRuWimT5RZTYVMnoFt3xD40slRK2T44=","p6HRaZsOGeeZrcrDR/6r1TpNH21yvMOl+nU58YQtqcM=","56pR8aYhB/YU2wDGvuJIWpHLfftfHu93VZbCxjaKsuk=","tzmu7xKuojGqjbNE603sq2QxEchnh+IOY6Em4AKCdvk=","lZtKe4Nz/6oDpv5w2Q1etpCuJ0A+5vej6eAGUiMJX0I=","LFbyqxzIE5IGZpAH/YwNhKQyVyZuWps24BLh9RnFjfw=","CvJx5pDqfi/aWnCN7npfouHXlHuI3a9vjPBRGquvXXU=","w6C9TPrresvnqgilPJHeysdWWoQ2fAesu9wjDK+RHws=","dYG8C2Acvp67qvp7X2yrJpUVKP3JK4I8zRzB4x/Rxxk=","S4ivpAix/198ghJ0jweW7gIMg/BD5Y3N8MbqGOxCUIg=","t7nNOahOiWy5YeQd0phw8HwQg1cOG70M40LVNwh51dc=","NNNx2RW5T6XsOldkKW+5QVC6Aq0Dd8Lm4kh7t9GH2oI=","uVHJP/pLpWELYJxp76kQqakBpZH1hSdApGfckohCGEE=","Iz8hHCNiZyBjahCNPmM2R4JOJo9y+E57Xg/8If9IVgI=","nDL7Z4QTi+D79O3rDRvkNuuipjMwD18AfsoM+olYSro=","c3Hi2C17Bv6OikvwRehDVUp+fHRgAyEpMuCuqmyrNSA=","8Lg0m/LpH11mokqwnejznh+T+3K5Yq82/PHc0Y7VuJo=","TRsBgBo2CVi6GAgGvO/L6/506F5kuaKxTz0PsI80Zv0=","1t3Wmw0w6BU3jf1hgXM9QLKzzaHTso32kElsCzL8xCo=","DMXO1yOPpL4kLAMQUS46fWGhy4XWHlOg2RSFoElRI+E=","ODX3pp4xgHNtvVd16E7Xqw1H+fWr5HAm+VHzo6Yg9aI=","iPbAD7Hm9kSp8zQTnCVV1iQB7GL8D95pDn/dJWwRqcI=","IogEToExg91scNyYTzc+2llx0gtXiPQLua0SCdyoR3U=","R8uwYZg/WFL3BVb0FOTGmrcWtIwRgMwTvdhAv4eXZAo=","LH0s9Fd9lknvobCWzvNDriedUU891Q2o6RsTqMSdpOo=","dc0Dl201Q3tVvJIY7EVfN6q2s/TfSgIRsXg5gkmJ+eA=","snwMW5WI3R5IAkU5GF59m0maO7nzhFMiXL2OoUq+4do=","zTzMzb4+Gsshunr7RtCTaPTupQ/8eW3/XE7JuRp2sjc=","RpNrDwzcR95Jd9JJ2OlHttx+IY/OOac//Rs/PVq8p3o=","gatj4BKGlRta2sTQA/hlnGspBK3TRk7qlYAUAWwngns="],"block_size":4096,"path":"images/dance.gif"},{"block_hashes":["476cpNEDfJ8SJVWi2Jh3oaoYdbQTtLjnet68tYu7hjY="],"block_size":4096,"path":"images/getstarted.png"},{"block_hashes":["SeKNl2KVxYujEvmwDlOnrT0dvFxHHgMhLtwOCaR99jg="],"block_size":4096,"path":"images/load.gif"},{"block_hashes":["kDTV00AV5LBdLB0ajcn27J1ZvZbTBeueJOJOZcWRpkU="],"block_size":4096,"path":"images/load2.gif"},{"block_hashes":["Ijjg0Ap7qlauYdVN+dqeozOSgSazS/I1vBXUPQQAo28=","J/F7VBxKifarglUkevoWPzx5/MzplsSLBeqKMsmHIBc=","mjcNZwEsiTPPelJefSw3pw1OqXmAbYpGaS0QJafspX4=","QYql/gE9NKALptwpH0NFKkSyw8QWepNa4tiwwjoYkI0=","SBWO9GOS3lLgn+UUuBJXTgB9KxZjKH4wOUTWz2H611Q=","v4o6d38U5kvMDZ0csiuk9N8MYbOd3eUfVz+WxHwrRig="],"block_size":4096,"path":"images/ripplelogo.png"},{"block_hashes":["VGp5CB49nYHZ7ASA7mAQsnQkP40RWnWWTauOeBGmD4E=","HMMn7SK7mq/d3JfvdE176Fwh0vqH8YGTdoziyal6q0o=","WdKy7GU7Rv97O7D7Cul/BoakZKKmfIcYPA9RNmOndWc=","vlHU5lvoVxP8VKVJZQv03dc/aerRtuOGwNes1qU+9mc=","qjSV1tXKuMB+oh9xyu76ohansILVf5u2C+0XHJbqmCU=","w9ZEKMNT/sZFroWxXX8zldyUQIu6jj88q/VWm4VQJjE=","UWYyJRDKsyQwDXKIueCvG9bdxS34tcnW13U+EIP6Z2E=","BiWnt6j+EmIcTU1Hc3dIb2puwFlXt6DAF8nhtsyei4o=","1Ha6A83HPXZyP+9CJvUMM9Q/kD8Rv4wHfMskqeyqmyE=","RZ/WpazDJBnoAdEH5VGQTCHKkctkCXU9UvbsZej0dQI=","xZIF7MaO7aFNetLVfrjmUDX1RiZrxII32blWFsa/V4g="],"block_size":4096,"path":"images/ripplelogo_large.png"},{"block_hashes":["5YVefUXNRMI6yPHHVWQWHk+7WqwRzUYw4+JNbI/qvyI="],"block_size":4096,"path":"images/ui-bg-hashed.png"},{"block_hashes":["P0DKLQZCAQmnl3vFYqf93rbHRZJc5BgOPY/l7lAoQ9w="],"block_size":4096,"path":"images/webworks/bb10/ActionOverflowMenu.png"},{"block_hashes":["iGp5pBrfaEiDY37sessudsxsSeGNpbZqU4WIxe5QeeM="],"block_size":4096,"path":"images/webworks/bb10/Browser_BookmarkLink.png"},{"block_hashes":["flJpxD+4Rn8efZu9206nt5+RqyFJ9ESb5+opkUBjejQ="],"block_size":4096,"path":"images/webworks/bb10/Browser_Cancel_Selection.png"},{"block_hashes":["V1V6GSrTktG7VfVPPha29tPwdgwxg/IihW/xYwfSPtc="],"block_size":4096,"path":"images/webworks/bb10/Browser_Copy.png"},{"block_hashes":["1k3dniPrt+ZW/CIbESAv9WASrXSAPi/mqTua1zpq4OU="],"block_size":4096,"path":"images/webworks/bb10/Browser_CopyImageLink.png"},{"block_hashes":["l+hfyvAGo14jJ9l6NMccnEtr5Lnkf+htjLy0R+IzJYk="],"block_size":4096,"path":"images/webworks/bb10/Browser_CopyLink.png"},{"block_hashes":["4MnnlMKziJ22DBLUATmwsm0IhvZhH8maDCJ67wtuLEM="],"block_size":4096,"path":"images/webworks/bb10/Browser_Cut.png"},{"block_hashes":["n2H3g3/tC+J0tIM0/DTN1ZsujBN8Fv8zmla6EmzetsA="],"block_size":4096,"path":"images/webworks/bb10/Browser_OpenLink.png"},{"block_hashes":["Ys/jwultm3IBEY8umvDzP+fx9vOJ9kTho6QN1Whfzms="],"block_size":4096,"path":"images/webworks/bb10/Browser_OpenLinkInNewTab.png"},{"block_hashes":["Gx5Bh9JEq/2q8U3resnfqB+kwfHHw5xJUiolIatJ/Z8="],"block_size":4096,"path":"images/webworks/bb10/Browser_SaveImage.png"},{"block_hashes":["n7QVfwNu8a/1GgK3yx5IjcnfnBZY7QAtrki5Ovref1o="],"block_size":4096,"path":"images/webworks/bb10/Browser_SaveLink.png"},{"block_hashes":["qp2lkabRGsfLLc8EvXi2VNlW/yIQUhWlJoiEbV01wDM="],"block_size":4096,"path":"images/webworks/bb10/Browser_Search.png"},{"block_hashes":["EcdH5ArLNL6SYiubn4T5RWAx28kN4qVqo9EruO8pCPI="],"block_size":4096,"path":"images/webworks/bb10/Browser_ShareImage.png"},{"block_hashes":["ucEk71k255Wm7Jxe7IbBw6OXAr2uVHbAyaGRoaElgek="],"block_size":4096,"path":"images/webworks/bb10/Browser_ShareLink.png"},{"block_hashes":["T6WLQtNxvlnTBco7T4bG6zYn06/l4AtANainz+bASCc="],"block_size":4096,"path":"images/webworks/bb10/Browser_ViewImage.png"},{"block_hashes":["2XCnNBbv8b0zs81NuH1vHXd2ZaKXRqCu/hDWpndXLXY="],"block_size":4096,"path":"images/webworks/bb10/core_crosscutmenu_bg.png"},{"block_hashes":["3hhHTp9JoZ9jgDeHQ8xdGFo4NNyT5/XYkc+RyTKEJps="],"block_size":4096,"path":"images/webworks/bb10/core_crosscutmenu_selected.png"},{"block_hashes":["/1O3GbRv+A76ZRE1+41g1l/oywGATaK2r/b+VudlmcU="],"block_size":4096,"path":"images/webworks/bb10/crosscutmenu_paste.png"},{"block_hashes":["3JitxwpC7hG64d1LA4t8SMbF6zMbcqmbVxhYPNJyEa4="],"block_size":4096,"path":"images/webworks/bb10/drag_bar.png"},{"block_hashes":["VEBzw9U6bG/fWMnotg3w7ObbppJqpi9IkefNTd5rNIY="],"block_size":4096,"path":"images/webworks/bb10/generic_81_81_placeholder.png"},{"block_hashes":["6AmzgrJqwNQgIqX3tksjA+4xJi3MDIsq11xP4RpXXqw=","vEHgTy6H9hTs8aT10xehng3fa1Ke86uYqRASFjElXNU=","8nA5AcLRyGM9C+U7oOvaGJiWZerdJMyQATnlUnv77Fg=","3Oar5JQwXO0v8V+akef+vwi6kzTGzn3kCmBBxOF1Q3E=","CkrqAdrvGAxjQNkNtesOKfeC+kr0YJJc+er483A9WXs=","3NsvSD2PIkVjqbay4H3HH/WE69wA06f5JbcUl57eDuQ="],"block_size":4096,"path":"ripple.css"},{"block_hashes":["7x/i8B268Xqf98mfTV0hvwjTIHeHziFwJirjsbLQMiU=","FPg69VMf+axXG2ypcR8EG0ZJDklOwc8bN+tZ9EQYzV0=","Ey5oPO/YJPK/G19KBS3e2m6sH+m9tUDDpit1w1GpkKQ=","DiRgePRlzYaLEdwgq1YmN0RNDqA6gPizW5Vz51ELIw8=","fSlN6DPfLuL/oEZSJtIxSSsAPQCrUG8V/gyfRiSI4IQ=","TdgVC4lL+gZ7Vr4eJRSAjJZFHc+hbVTIZs63q85hyBk=","utXYbCwaEMGRKUOHrPYHPIVO7Z7abk5aMrXZ400VxbI=","eUaMMx4uA0YBDPrrLk0zQwd0oW1z1EZ8uppOVudbRKM=","x3XpV5vPPeqL/O5qeo15vaxLJvu4w1EytjabeaI1k6M=","eeKnn0fvWt37UaZs5AbZOZgPXvmYHGiF8P5iEl9rJQE=","wLuU0RhoilBOc8D7ura4x4LqxqCQmZKAb6f1dSNKa+0=","7EdFfWA7ruQh3C6HwzUA2NgAkxpZzJ1IClHBf84CzEg=","1CuosfOfERaLX2DMeZ87mS8VGkTzFkkZA9i7lvGYzVM=","MXMfiOdjvsQ9ytiT+CoZdWh49Fctx80CFScD8GvPDQg=","XKs2xliSk0H5LkjyNKBmQIN/Lk5wCcxvy/aF15bjqEE=","za0MOq8CndW9rzEAlKawhL/1Mvn0DvFM2IyFdAGa+04=","Ybm//D/EMz3bfZtWkcnoISmnO6xoSeJ4uhFxRLfh+gE=","s4wbXao47o2+4RozaFMRfT+NPdWhhG0rmlhi0y9Xf7c=","aXViN1un+GY1cyIsEovuaq7R6zxW0slxzzD9mFYx86o=","R0YdmdW9UJNxy/E3w6PByDhe9iQeby39zBiXW1WCV54=","gBDJyZUAqEK+yVyh6Yte5OgS2r9F1TJ+jMJ7zlWH6Co=","18VuE8SKASJmwaro2MBW6wsyxyks743X2C5tDtMql+E=","43lm7iw65n1TnE5hwMnXAq+fcD2nqJWabrjyeYu2SBo=","8s0LSPwVIZKLO5nYJB4TlHYCk7Wep2IW0eN2E1Iqv50=","x9ML74Gv/xAz26yPmcgYQ9owoMp+FisbepEZjNeXxdw=","sbGdiU80WVrSA75FZR1b0P2EVbKh4QbBlXlmZ1cxzzE=","L6aGZZoaCMlO2zLNaCIEND1mWPV7lkiwu3fWNJ8rJ/Q=","b/upgM0jm0TRqQrpOiStNvczJCKsnCex3CHSysbLx+8=","oD02wiNjJjbJ7SHKrZNfGDtcwMlydkOSZJDu6QwHXZ8=","KTY4jdkhaefBfLQGCb8m5BKZl1n5iYhWhYgL6dJb0n4=","0j7tNCRoRTOkf5ZG4txOclCz9dpFkvKk7T5ta+AJrog=","6LoEV2eUWfyTEY97FfOv/XyDG6I5pXF8kAc8oHsyTVg=","/YoiPMtijqeGt+7qhBilNh8zKOfJ9TLh5PQIdSdf2JI=","0CgnIgIosG56/K1GQNvvd5CnPB9f1bitjHSa9+oyfyw=","wH5CS8Fl8LVeJZcrKvaE6v+0Iiz2gzqpSF4YtuEjre4=","6RosV2uyo+enGpuahjjR5rVqA1U6HfHxM1KALXsyVdU=","bWuVGpnkrpMKtTS3pO2zCmL7ExhWzLFnt0YRSwESnuI=","LA6HA1bu5u0i2BeDMwk4Ul5pRKFSUMKBNhRvoYHMc2o=","nkhS3dX24vYpfg1X6Ydbe97NWJcaJigEElbT27NvK6s=","pCuZHuSgaXIhGIhCGh6wlsu+r1uy7AFASyTURkfbXCE=","Sub6zieOIb5n3JBhab2JsbZFMwIAKQ7Dhydgfaf5Qt8=","qSz4bAJs+67DbJNEl+wIt2n1tU4wOzagMXGpqkFgnpA=","D3dlUKbQb5obMiPeC7U8vPi4Vnrng2mSsbGWXeZaToU=","CR+WBbrEbeY5g5vNF+qdoaLwzz9hyJ1jmJiPEuqKitA=","0st/k4HV39Rxve35k8Ftl6FuioQU5b8nPThtS1fMJGI=","RHxW44HHW2pmKNueG94Tlo4BRQgZJRdlu8PVIEWCbI4=","8QxgF0e9NZNmdKwZDzkkOyhOG0uBcR6D6+bGpjPyvEA=","+uQHpiW5xEYHX0PWfYsnBZlV+smEpoOkfsPzKVUadIk=","wzc5h+gLYL/LdMJ4jxMSgDvm3DXK4yYxhgaQt/mELC8=","naPQ1ZkK88KLwb6vZqMmWsbtpZL6rN/iced45G1MGTo=","LiJ8RKHPmIpIjxgJ60Y/Zf+AeoDIj9GbbdHTKK8LFyc=","DSq691fiePn4e7ocuiyfkBQaAlK4nMlRT6MWmekGYq0=","NVYSUqABezPjeGywsEdgl8L9AbKjWGJtVjVbQpHwArY=","fu6dRGrH/dy8AWVgklQNWeKEUeDksYyA65N9yeoGCSQ=","X51PboK7v+lX9b4/RCDa1/BrzI02L8FlB8mPVvI1HLM=","4yEoDWY03kwBEMKA0BD7gQPuMFGWVPDGZLt93qsEcT8=","KwjyVZ45KiyPDy5NMThRRQzs2dbI/+hys57hMpVVOnc=","xLHlgcRHVVoH1gihBZxISfvUlFDCqZbzlGnaHbiWnV8=","DngFfmabJAl1iaNyaXuo6ERkAUaqTPBYBDyQTwyAdag=","s/eyKQH7ay5QPdypSH+54WJbVpYKkNnErHNzoe/LRIQ=","k/VMSGhZrYRrFG2SxM6+iswbbYg8Km/gPJRBJuxYIyA=","z52Xo+HAkDkDiIT5mAMsD5MHXzfGPCZFTj0+FjaOzlk=","6W+pgs+phGaiEXx7FbUo/AkriDQqtlBrFWz6d6qT9y0=","BARSHYkdkDmgJp9B0zb7EndpbH4zp9qx/e/E3ftI5dw=","4pWfnE3vPzGo0Zjj9lj2f7g+kXr+c2bbKaUvgKVqi9A=","j7znqpyNAEfgg8BQGjjOXjJEnHWP0H6VkRE+oGYalx4=","niKloYEyFWQ8J61UsAIrleoqkmb8y1/AhTdWbkPw43c=","yZfSuHR+6wzBWf95IxRi/ncF3dwSTTUhxI8JrqL5ND8=","Wx3OvUuy53AED1AT7tkl7WryzCphEU7/4bMeHsDySN0=","Y8WPrzSLEKgU28JWCLKu52oSWpnm2nH+W+R0Ku37yj4=","RkYZTN0Vb5JhUbnhdW/7GGGC9jnlEiqQ+FQjvpiLH7Q=","q5sfVNoYnX/C+EG3ktMqxIkRqpqHBgvbwBNJ8JZhyNM=","UYQ1beE8sT6x+l+m5vDAECXP5LaZde+0mbCGcc6Q2q4=","+eI0hLShlCm7BOcYv+hdeyukIBDa6s40XsV8Ce5hcl0=","We6l8P7vL+sfaezDI3XB/WoJyPKHGFGK99n2vVkuxRc=","wAfLgZGE8JvvO+nYJtvZC/9MD9I2kgO0EvwxLXHeiOo=","ewqYmhAQdDiuEK9xA6kISBLsi9oTrgRUUSkSteYe0KA=","dtKhjb0crCvLc/a2/3xAL6UalUlhLJpba71pI9AZTBg=","l3c0fMKfvDKLs4hxHgV09AqSe2YiKkzMOeBeSYP1C9g=","xC6WYgKvhF30Xle0N9l+zDRf8mlNnClyH1ZCqEtS/R0=","DxlTp3W6qboAXOiZmD1uotKDfzPG6Lx2Dr0u/tCl5Wc=","9nA9nzWcLJRYhzNv08PYRwuXR57fEyZ3Sevf4HQKTO4=","U1KEIA+QRyPJdALuPe4kA3vay+HWFX32IOcOc53K+jc=","XwpHIMMiCYPZOE0+Etqlw/RjRvjPksztqRjFLQ9dcUY=","W6fh3GCeeQdZ44e3p7npaRHerc+z5+gZcaKTH56KGro=","VeKyrqxa5QZipCUO0fX0XJguOk9C5lTlncmITpNwNr4=","l9D5ufmk8clf6zim5LRFl/aTOOInq8SLEjljSsE6WaM=","Fv4uK3QPHFThaJTLxNoVSlDKwOCCOlK3S4cQhHN2LRg=","MsEujQEkmda/TgX9nlkbAAFaTbR39eu5QQf8k/sal14=","7PDSQM0IqwehY66DM5QlInuaEUcr7lT+f9ZwGTolM7o=","KCUbbeszjj0uMumsUfOEBAdiqPBsmZx1v9Hv+Hdf7PE=","eagqIoar1kIj4VGc2KqtQx2jblfS76FVsuPb15dhgqg=","3r1BbhKnW2Neg5a8Xek36qk/QWCkQuQzKOo6defBw1Q=","iyWVAyXbivWRRYK3nBrB4WPnT7s5lDfotNrfpF4cHmg=","WoDK8tvEh71kpqcg4qwUAJkn6Zm4u1DRp90cfICcbvY=","Tz626Ts5DBBBOHolx8YY6VR3aJbbBMC5PZR5uLNThz0=","XbKsbI3MeaBcia4Ki7UrjJZevuPMJ63MVUqwicJbinE=","dSCO8RQn/ZgZEltZ38bFWvhdQCzOuUgl9ta8B92SkVw=","ceKK1hUt1YxI2UQTWHI2WWDVmiwP8QAmGPu3SUrsFuU=","sRjpXRJAOWN8QjlhU/vdyExNHG22Da+a0DhRBfty0is=","n6tMU7AwPWErfuS8zsg8XIdQaWVv67VavzTpwASJE4w=","eY5ruDTQ8r6bCuIzGsBotP+dNJZRtLHqYVyLwHJOEiE=","EYkOjJ0g8v/WIJKhuClmpe2vaS/a6tkK/EJtvt/A52g=","tiInaCcztG5vDwMs4aECvmaluZmW2cq26HxPyO3p+1M=","eclDWBcvbC392Ktsqum+7++hsJk6RdwMm2Gu+/qjWj0=","TUUJS5JKiYUFaj0bYUsrtF4kIjHAhvNrcfvx4UGHczY=","NsVmZJ/4nfIoDcp4YOQ8qeBma3wQAqugGgjRzWW0qVI=","9YLSIgIP8Njc2IeGYb8dVPWIze7+DKbvMVK5i7/uGuM=","5yIYvVVYWp2LapyPsFHukjtgmRyaDsb1sdsQbgaSTzg=","Gxb609Ljw+S8MRyfhkNhjvxLPkJq1i//HrlwqOHaZYo=","ppNpccfL4eSL/PFo15RRPC/H1t2q1q/0gSwWyDncwTY=","M7z0udwlh49GeQlEVlXvVGBoE+1p3oBpnmAjS3czMWI=","ewOIeJ1NMZ3F1HB4lnBkJsEmfmP6UKf2cWNgbVDYz9Y=","wqDUE+u+/DU2TiSvUXCD7VYLDNnz4NvL9H1dHGfqjBQ=","X+pWQpry4Hj9d15UWQET5jON4SJ81F4mZPM0zzZ4f9U=","PitjrHx56QE/IbfolWN7PZyhcseitx6JlE1P4O6K06k=","V+E7pi6xsSTEGQlYSHk+ZuvlTrRP1JKhhIZCx4PPUG0=","XNjGR2Q9apISleYPSNTCoXWzTYHjRqoBawZfdMs2PUo=","+UCUkb9In5T+OkZRkWPe+VmvVdKdT1Bm1CTdUFOTttM=","ldZyykhgq2dr8sA3sKTwburK4VTEwLiiNQJPx6Unuu0=","0iX+64b2klB/A4mAdxb18ctSl/IrTdzOdUMgeAXqgp4=","HUvqA+DbMMAJ5T5SN/D13ELwGOREh7Ml4SW2UfEV75k=","AkC794Re8SaidE+jofb07arbx8fupD5s0jjPYw2A728=","bq5lC4ziI8A/KRvAxE8VTYN+DAcBCB5eoadfwt/byzI=","mXg41Oz3Tl/7rDxU2sJezRYgEhwdyCL1yNuxnKSta9I=","KJNj1vGCr+c/lFiBO8QOgB7CrHi6/Tp3pfr9rfDISZo=","ZxPbTe5SnLQXh33e8Rj9Unva4klYQJqUx2CJMkMPciE=","00Dnfe6G3j9nsVYo6hmPElJ1AHCsqig5mC8247kdwak=","6RCL2PcI75TdqV4zpI66ZAYtlCHUxUJQ8GWQlqB4LE0=","2jn/1fL/zcIIrGHYyXzx1Q0zQVvoqPtIP59BPdrX2gM=","pYiIpQkGvu9Kl9ZtyUxfATZnBxXAGqqn5Mx8uUrV/D8=","JnckdJ8vlS9Qlzrok+kL9xYfw8DDbsuzvinPc7KldAk=","1k9oC0CpNsXzd9IQgZDYuc0PLSSxMoZd3COhzePvRE4=","5Nhke4UmyTNKV0F1zguACOkw65pYzwxgPJZdVvoA1BM=","xxEOU7Zx1hywVVzlqlYDFSgkkWmHsBjJeFcWjYKnE+Y=","zOMYLAko7M9nWHI28Bm6EJambQszUgAsCvR/4zRsJDE=","Lmb9GD71Ar7C5GR/cwrVZWX8H9BTYr/cO2LdbdrxaJg=","3exr++rIAU9wXIRAFRO2q7oE9ukG2r9c9vr24hw37DQ=","vHJpFjufvYRw0jDpPL9xDIlS47jwte5pk8LBwk7Lir4=","Q6fMcfd+FOBygT9WjSN2wq5fsenpW0PxKHNSIGBgkIU=","LTdnRsdEbCA8YuU1UOsDpa8uMne9w4s99TZJ7p/Sqn8=","nA5V3+sWMwP4jVHu0TxKwpNPmPevvHe4DxeloLMhh6s=","Bx6WWP4ne4F0uEonuUeQWvQg27ngpy23DQ9GVmhDytY=","Ehk82OLAkE9SR6fiBal5VfUtItsqhWvpDOqYtQHhDs0=","SwZ4DRiQ30m12tET/TqP0lfZ9b3V/Y3w1G/UDE9gvYg=","yFAy9E1JZRt2zJFZq5436Uv/7g8EUmJxZ8v/r7+bg5c=","3tbR88ihXcOkQtDZM0IcXZiyKcI59UQlE6HA1XYAKbw=","P5lAXkWVSlqbJRDn/UlTlfF4WIL7Prn7PofBPGp/lxI=","WkEtxekWjmztyTVnYjvOEqcPctN8Wy7qYdo89vZJ9wQ=","RmldIcFiK+94sKW7G+kAULowCKJd2u0CwqeOOqhkWTs=","0iaT88eSSzbV7EvWFPQORT7jDfavqtlhO8h7w2x1RTs=","njk70UX1+iylinbdASVrzAPNPXh2KOZrvWqygpV0lvA=","Klb1bOGJv2tGuTLBhGdYVMMMJjXblpS88IaIjtMdc0g=","ER2JUlUfFsrEVbUkJs4xkt4gonDOtiqX4Hl1oGw3Cy8=","Y2VHpirCwGuciMoFo2LPk8O5jcXfOpDyih5YkFIgEWU=","g7o1y3wzxLHd4slqdNoIGc6hLjCPGVRi6K7yTY5zKWM=","RF7/iHpCIezh7fKFtz4ZllzibVDA9BF/0ZtptvQR/lQ=","1q/n3Sl6St+Pn1nxIeXBOoUdP3cq3xkctMdKxXscRDw=","VQW93wfjcYtn7zJCO1DA7hXlA57YzxFcvZi0Y7vjEmI=","P1O7vFcb7ljE4JqUszhEvihkJyBqp/ujDYk9MCgWtGI=","GefGvOMJoE1HECYV6/aZPOFBuYpEkV/cM8cDaYZtRV8=","Oc3krs09tjjxIrH29j0ZI1mWMnyrrfujpo+PCL1RIzk=","i9htipAJXdynEia1Nj7ZQlqhBmkolIHYtXPQUKt/hEc=","iH/evLeQIyhrBiXQr49NbW/mtnngk0SaA5NIdHpXnF0=","muxu2w1MnWnbnnVf8rqq4p5+OOJcQtpb1Peg8w9h9T0=","QdfNu8lhTO3y9c63PjTU9Y3ToI4x4pM2nb3Ctk3H8I0=","IKHNPbcboSd1I82RodwkPLDYL7p4bTmRDvC0ZAIP3Pg=","3kf7XPDK7ilCmt0GPrkKSb21wedapgLuyQNPyrxlQ3M=","arRFkYEo1FI3lVEV4vhhFBbMwAR0QYEIiYs/i7yzmgA=","dPqYmpEdAyy8oD9hgqLbSw0o3FOg/jTLf0rhIo0diPA=","iDaoxpVX7j+7v4fMPrN1otLaN/VJ0GAxDYMSmrHalRA=","Uj/iHLgGvfudza35HcIpsnN8Z+686k7SUaY+s9DJhsk=","zesj2mYNbeZvfUk4mnSUJI2yXz5xyY8/gfBJOQzRQI8=","t/plTqlts6yfABlkfEapCn4LR1PtFVfiGKe4kyIp3cs=","KbhDZjIqdlN9NW+b7UafigRza9/3D2NLXNarnCpJDfk=","5Y936NchKwzskPMj+1EIj+yYRFfHNrC+SRodcUoY9nc=","YUMQXi0RlgytxAX3YGa9Rx5TClJYpUjF5siQKzplVJs=","BKlTqsJrzRC85S4kCrRDJiwRROGjdVYaaZMR0wSqTjA=","N1JLQpA4C7XMA/b+C8k/h1an+ZaG1BDj9GLuLVAa1Tk=","SQ2QTySl10s661UC5NT/unSEFsdB7D5/PWO5F71BOa8=","Nep/U74MYr99ZxpEYFNAXYWEnd/hmAGIR0Fk0fKiYB8=","fHKAoCpTmTARfMvoqyhSiS+uHWqW8giAsSBaMnGs83w=","YY70rkwkK7l1hZKnzmkys3dZAj47xl1iId9ptHiR1P4=","n0HQMrcUmSJQ4HFvWIiKY+aMPhXEbFJPvjJDEUTbp7c=","kpa8CPjIkkgjCVk8+7K7SgIae78WoJgNSOMiE/hpSGs=","Yyq0OgLn+nA0BhlSsp+Xz+30mk0dT1Dchng558CDaWc=","FiaaFOrWi+62mNsOtMGMlzo132RdmC7qCZJuIxGztZU=","LO/dbeo7WoECi4YMtMJ5cY4xoJDOa8lvLfKjfamtb9Y=","G5WnR24yIbsS7iU6muBVU6F5YCpEOXUM/unTDN9iLFc=","jluDfGDAeNkZtZ1BC2Si2iL1WIDfIopPSuDuOqqmbHY=","Yr0kdAXA+9mZyf4Ssp4nvTRhlecMZplcLwvgICBzLMc=","+qXf+5tjgw/vfNtXDdklPKOGX9C/ictgDopgKD+cfWs=","Z21EN9ahcQE4P8AoMHkqXyyPk93o1CW1FN4NGW1n4cg=","onPhsqIvzXaM3XJAnFn1K41hb4lNBegBQ1mOhe8iSX0=","kjG6bKIMoA7BMFywG+1yo8G0DB7HDcq24/zf+Jj/54s=","Y4s8KyFkOGt5cqdfTNGFvdQ3VAsSYQsdoFqTq923JRQ=","SAb59i1TuCqL4BuqsVWDklqLEg+pIZBw+bM7PI+cjLI=","7RVXwtOI/r+U3kQ9f8DNo1vPFRz+ViDhtl6xPZLvqF0=","foyPDcRyEtAn8wwehAWEZBdCKlpOqbF1l+xBWzqCi4M=","MXSh5W/rPHw48rNTo5I/ajiE2JYK8Yh8bUor5PuQHz0=","jGVHK4Lfll5h8EESN2b6Z2TIApD3tXmEUrxmFv3bsfc=","Y+EYFY7YebD7D28Xc2og4Xg/Z1qu1O43i8CKy09+2o4=","7a/jNNVkzyUzDLMQBoJVYTDaepRgK2wB5KnehPzEQes=","RQJESCnOxWb3XYjo88KkeAv5x1VxyxsrN5+QezBBqXU=","fMY4HALRDChWrv0M8T/eGIDCSkkvSCgxDfoZUUz1jLE=","Zbxz/1r3vQu3xcMz6EX7qpNihLcKUVUFlTkxdFpbJZA=","xHwrEQPOK5N9+JovYnIlcF4Rv7GpGTwmQ0bu0Ce6sRo=","oiOy4NYLQ72e57wH20C8pH0OXO89wQ54lmeX17YGMWc=","Mjqopp9+1ZLQlTH2IPGNsRMVMxPOQUbyklVMtW77BQg=","KUriuR8rCxl54aPFi/Y2Qz9ebLreCn1ZQWZ0R9t2GiY=","F7AhOiNiZr56e890nSjnRzTZNOucVWQWk34sRnvpE1c=","7Y3KyD1xIFuzNdY4kg+HPTP45iTLJliTjmQWRC5IC8M=","6X2+El4RYwKe4XOFZ77dJJM+zJkBDadt+vwk8HyTtr4=","vPp+2WUxbUx4TlAgrTvOHcBj88w/m54vHE95gLfsZTo=","pWCsec1GxVhZHJGrOyxJXqLrvboWsQ99tjxb83P729E=","x/barvz3Rx4ACDji2wrTQzmZDLv7tBC2U/Y709aK/3w=","kUFHr5Tj3672EItZmZHCWFg2BWwInhZ3gamJ29Xp1GU=","Opd+LLtJfBGSgIaBBcN8LHtfwusGgaTr6mRBONt90Ks=","I/W5ljFvac1qekdanJSvsBf4Oy8Kf8UmzbolEjaqPFg=","3qfPOL7SnQ0oDhsAUlf43b8Ff0G4yNPYLJ8Teye2DU4=","c0PxxIY5OhcUGjIuahjWtVZgueU8CjVxG7gwHslwe8A=","0Ks72U3MIhGvqCNd/Z8TVgLuHRNsvYFi0iRqgbmoySU=","z/I0GSp6Fo18QKQXHi951xNbYGblgtc02ctOCQ1OCBo=","Vp9WpSJQlCGZUA8eWXGk3jtRHm3qbKcAdnXad3iMoSM=","3mb9fACddUvruwOZ0QF7pmjDkuvtBrgR5zs3zMJnTR0=","0Yp+LxSMjeIW3HRl/DvLVsbWNYnMduPf/oYvU8ZKsu0=","zCg9s6fU3hL0ByGEfio/NzLsfTG98XmyqxCSdfQlhPQ=","PfDSn1zTxcwgasnvu/svOu6n64V8Nufe1rImg63S6nM=","Fj4+/AOFmmIFQDRYJl0dpLYbRRWTrrKTjlvQXCqpgOQ=","tTVMp1mq1uojgbmsz/uyapbKI7IHhtszfNK0ZoQxREk=","5xklIUjg+8mky00VQhWlGGk3U5rrvDBplDD0p8F7Cjo=","hkpo0FLTKmG1whhKdZsEqlyvGcwrlSbwd9qr0io+F7E=","yuAQZEe1Hj8CfAdocsd1vJ57t5rdZ8cQmNyQ7Yw8WBU=","aXZvaZuujsJ91JKxMtv8KZ6Kgie2MlLlxE+XKGZ6FGY=","H/khD1xHxDFx+drj+rlR5ijtU5koYD2JtV3EhGu3SwQ=","WT8uDwL1TyIX2eJp6aUKOq3drXzpTffCrNd6HxLY5QE=","whHxZMIO0hQUS1Sdu6oilCRjKNKRZQYcR1Za72PquMA=","G0+DCvOMtArsJmDcmMM52upzJZ8aMMMU1eEBesGuMPk=","/ZsBHuAuRFshIQKKFG3whYhyopax9T8T5bSRQ1bCGYU=","pkeOYYVXUGUczDRLrF6wfBzn25kpQul4pM7yoY5x9/E=","jOjuDSiipI4EHjiR5dtSOhagp9pFK0wNETa/HKa/l5E=","iHKsVKIQA+4NWHJOHb3gIy6ckrzFYwmkr0eES8DomfQ=","lRj+2e2p2+4iUTOJXC6SV/D04MFQH6q2EQn9X54XTEQ=","lrDmyYTwkXq3b9jAy/KIy3lq4ErWZdURDlxhz+e6byI=","EEX9iZpiDJPyNKXUyD6dCDuNOTcKTIeXhyhgjM9b0ko=","0XzNlJ0md4PakzAOJVUR40qO/nWBr3Tdo+mmQr2m6Sw=","2C2RZjzqt15fIOJlcHGR+zj3Vgcv9rc1KLctRMzzTpg=","6PvLnb/zwIl0mC4UG8GFP8fsISMsfk6rSw8AXX48ed0=","E5UOYyNwbf4LEDKU2Wjk1zQf18f0EUL0BjLGCb0V0hM=","Jjqtyr9+klwgPwLpwe8V0mT5alFJ27PCqq51GPXacnQ=","MqTZmu9QLf/3tluotXMj6F1PWeRIGtW923QTmVUfNCo=","yhBnuEU8T9ST2XbpAaPGKGc4b6JNa/GpWhv9pRiqUNA=","IBf8zatG14rqiX2dqiZZbj98CNgjP9uK9/ZbtjwvzEc=","dZhypVOqIpNxRN0bdfaJbqSeGt6YNHGj1+sUCluWnZ0=","p9e3/OF4Q7qgxWCbu0MOmaicCAhEbgui6h4G2kHxbrA=","wPBqeVQBNIJkx9GD+hYACs/c3BpmUEUlwTIt36HML24=","WLSqhjVvJCTL9C7URhAmsPplKpGewSosFv9Ehadup7I=","p24Zh7vpWny6DkJxIuANtX138w61MXplJA2DKu3zmIA=","5OHJSRP/JJljvNfa052/J5FoK7nLWR0Jj3sUYCCFDAs=","p0xuD2opLc5mSG8ChwOweE9neSsP74S+uEuWD7TzdV8=","L6CNNnyge45+0G0MolNMZQObS3TiDdA7g6fmnWAUJoU=","dRnZbojFKGLe1tukUUd7GmxDfMOSAAMdvhHHQcClq6s=","40iVpg2PuIE5In1/mYU7aGZiwpjG8y4w7IKGbRDp2Aw=","umwETfwcgFqIY66Xol050IMFlQoTguT47ZTebZd+DII=","AiFloGZQGfZTcb5ZMOx+7lu5nsgo17wsOL1MDRV66T0=","QAxhkLmaJSsGMrKF/3mtFS5EZV/GOZW0SoAN8eig32Y=","y9oNrSh2whfebcneCvckdpSfnQsCChpnR+OLLraue+4=","hw+HvwJyqhb4sCD09S0UYjZfP+02Yc50XbKSGTOIQF8=","Cs7T5K+DgsZcZ9wvPUG/RVQK9OSfJeOHpoagiNMdyz8=","xGJGOFtLxP/MqLopgdFLt8Y5xHYs6g6iiZDE+MkbSY8=","vadNdZJW24GGHlsisRmMBNlIBwKCxfE+W2RtxihyXpo=","SdnQWJcCtr3Sn2XOVcjHMYeQbJF+YBc7GxrJKFqxjvM=","PqcLAIvt9Ablsz/e4J5ZQz/bU6kH/y1J0fvia9RPefg=","NCIyo6B+5J5EUH4lNUACqAlYPHIhTFj+6t1lDH7mHMQ=","kCvBwqqFaSXuYYKKQPSmuPioCusGyyH1MFY06K1CHv4=","I2WtH5sw9rz+/qrZq7lm54kVeCHoDy8ULTY2D3kZ3ts=","P4AreH8+bSVlqa3D3SsEdS5cHZrPZTYdr9q6Fgz0EsY=","LvqoEpiQOd1gTYuDfmopEHe00MFaPnDkhi9aW1Uh3Cw=","aYGUmpTd0Oa5U6+Up0gCh0tPBK5lC84ix6Vj7WkcRXo=","odUo1/cWyX6jcNMyh8krhv1Z3wpXU1fXPSS/eTIUusI=","b1FMDgvDarziW6KpctMi0D3fIkj+wIN0HCIci/n9x9M=","0+UVDTskKz1GppyFZN2ayQdh1D1btym+MQD/AosilKc=","yqoY7x/SYoA4aAagjjj5UwpIDddw3gqrgOS//j4jEa8=","i8JEGwc9h2gEVheeqqqBU8puwiXFBaaDqWO/k0aFPeA=","x82wk6D3mASdEeTq552zu/RyaQvzjY5JwQTGbsif4Sc=","pDM3OW+za5o4JH/4YJ8EM1lbo9kv4V3U/5Tb/bavF0I=","06FQRPQsIbyt3WmM9Qa133ngOaMweRtZ9NmO9Z5JCRo=","nZv1gsBQmlz7mMAOByF34G0njP02xUO1cW7msIRfEpU=","2s62xfB1/JZHMFToKo1lE5/AcC3+TCtpVHvKTh8Qdkk=","Wczb+y+bjlQhkCODfigznrB+oahSWs/dgP/ZVbdLpKs=","nMqXblJYJhbLWficERzuDhZiSKaJ2DTIXPi/UZs+iQk=","qkg5AR5nQ20Nc9fyFIqvBcSE4eQq7HvbdBsjZ4lqu2Y=","dvuXFTvwfCMtZFeRbFi7jzuKgQ8VeR06lUqVYsayzcU=","i8awNqGHQ8jY7TTDCTYwtsSv56DErQDG1WNqztK9uk8=","tTF/auTYdIYyY8iEUduMqfAOJdfaxDvyPdGKRLgzQTc=","aEBVCcbigPxl3uzZZ5lrfdRn5I5RufzuNfw8y/5IpP0=","VnTnZhYXFIfLdgzP8m+ck/C9XDrWT1l7PPFJC8OXs6A=","g/HsqOHuMiyahHuzcbufwv9KXNskgKPRPXRXxqqur0o=","Vm1XlLgwH+37dNEfmXXrhBWMTmtwCyJ2D0pvbCNNdUY=","cbUepx+g+ChdkAHfZn1HzhWKC825HQhkMW1cW/koWRk=","lpgmerH7DlnmSUGTDw4xGZMVjUBVb9/ToaGxLp0L6RU=","8CrsKT9+nhbLzeanh+Iw1/Svg3JjydLOYEIY0wn/oew=","W5lvNgyiv97rCXPRlj1Gd840T9tXanHXvHIrnPl+3Fw=","s4dnjSyscz0fmQQUKKv2WUQeAKT3JXzAA6cptGE8qYY=","4fnnBCmrOkyBXXZcUbYJc4H1Qlgf3r6zBUagjhj1k84=","AJBiN37Jt2er0fk7vBDNk9589ItpFmdUvcGUJ8H1Zhc=","nqu1TSJCvBpbGKH4idR+fxaYihgZGH+JVgHwnGWFfqc=","2dNrPPiKheY8mQ59QfouKKRASfLd6V8uLoGSIcWn8P8=","64wRtbrjrzqhKb2178X21TFdrqbiNwGppon9JHWLiqE=","S41+BISXk2pU9YboVWWGtCA4nOZ+6XKlBjMYTOJMkME=","299OArYRoscocCywc01qQg+N8Z5TNewCy3x4Ahxn5Ik=","UE6x5oZ3yTKlSMaQBvTsKccrIaeauCzyvjfcHFuYHHo=","zjMgiUUawb0CMo2SDei/nPT/BikcEJcIhRRXkVTY0pI=","bCX7CeWV3Ko5FJskQnzjW+Rz1ZvYKWfsSuT1CjHe1sE=","HZV33vPO6wvSU8owXs1KzAwDviBM75cjBeRDdPj/7+w=","U2bPwK53CivFEBNJYhw+jq4a2FSKkn30WoavdTlfB/4=","dny7AYdlEabi0JRwTqDoT49CRv+vjRlrwFcfL/Qwc8s=","alWxf3QmwvTUk5/YxexeIHvnDGz2iuZ0BuxBUB9wrfU=","ry5tDbdCQJuSy203Mec5iRrA1Tg38MipRNHwBm+2eeY=","x1cp4zNC+BqHaAdzlxN2ttnGS1kujQAcUkYB6s6rocQ=","+tsUOweFW8PxXeWiCBBx/qXlQ6iLx3ludhpsc8e0oBw=","hz7Z1Cr/O7ERSXcau2aMztHFrC/LvfJ5EL+T+Ktdts8=","T/7PsAhQxbNOjV9NeZfGYh8VMrCUkJMnXYmBfqKTqe4=","VtRuD1zkD33YLtkqC3aM5AzztU5AmH9OzxjUDvSyRyc=","2ga40Mpz6noYSKaWvcuTeTSjIWH4C0NQ45ZE5Eo5jSg=","c7qHWK3BVlUSJQ5Ri9cZsSqp0D/zS/7f7cuAHY6MsKc=","a/RFQi1HBacCY0bsLv73cTPuhLCWGEkA2uwpHq1fow0=","SB4xU87dcq/L0laAk2og+d0PFyPW1O8y6lT2t5s7t7I=","SKTd/IlizkiOxN+WShyM+GJfd0AzHFD3PMm//E1XLJk=","pquQ7vmG1FyBa/i4nZPn3jsRGX4R1dQMSSgM6+4G+ms=","cR1bf4s6p7TWE0N8luAHu/ZuzEFJnWTmOYiXsfWi9o4=","oy2yrUn/gu/2XkMPg4Fw2Boxug06MY6f8WiaoH4sZ8E=","VRf2SbQfBtb0Tus2vycGoA8j4utka1zeABvYoL0hex8=","/9YsQdV5lys870nnsxY2Otycg0ggiHlVedjza/joPrQ=","TQ5HPqztVheHBYUtHSLSceJET7YqmurGt9BJPVRIzBg=","p6fc0YBpgqQ4KlcDg+lgDhK2f2qU0j5B4tUwQ/AUQVU=","y+7x84s3PH/DbEJtS55uMyaBFDhmqIyBzFMPqs/+2EY=","nPhKbCr9Bzg2VTJOEfE3ql/jO4ArK8XrOZS+V7fhkKo=","dMzG3Y4GL3aEDtAiQfQtYsMDxDocfX+nNuxSE9TRuiU=","oOqNqkc0HAWwZ0LaW0AQGalZoQPcFZdMbJ4ucp2INv4=","16gYEtU7Lkkis7VKidRgknEv7hRQU5jIVrBtdcBJ3RE=","viYWUwhmBWIybRZMzy6dCfPp0lhq+XhUCBSZispJpPM=","4C722yYise+J4rMl2vCH+iO/MHDzHqhM2lrZX96lSR0=","gbTiIeCC4c2iX/heHPOT8SSAmaFTNsC8XHtHUtYcJZo=","Z4TleKsFrxyOYIm2329xufOuYiNardGEn6uXgTH7i+Y=","6OJusgs/bA7ZUpm1vYr3dHn3Sw2rfKENwejHs9i1V18=","AfwEeqgbWTvzaB0l/FjHsRn4UeCG1r2GsNOmazfRgdo=","usSXJDMJqIFJ4zRNKKsKQYexSs7RwWqXXM7vrNDrsDk=","4wB18XlmiwfxQqs+H78ftF4MrQWcljoxl27XsnYjbBs=","wsk+18/P0cH4AnWqSpg9vyZ23IUu2eiIAP4GzUNKcKc=","F9pcm7LZGCv4VKPgVUTA/zcEf1d6FhMwPhy1utB8eyM=","HNjfxO0GgDMEzBzyD3GQXYX6uxvempcqqiWf8hnx2zM=","lmVqEv6nDCgORi/BEwDkGZLTcH3CSwrwqRL7mVYPmBs=","XhO02Snxc9w7fXwGKYxiv7YdfteKdu4z8l/8Av5FBLQ=","lpS+EaVBhitVPM0QmvZvup1m80tAvPrVuChWg1IE0cI=","TCuCebyB9Ft9dhDTGlA+ky0JR25pY2+nAcIAhz6LHxg=","VUnlpRhnYDmc8/nxS5GfKwsKDAWl+E42CWH1CB3zG7Q=","J2DoZsBZg7kUSe5xSiB/WkLggWP8pTj/4RKp/0/dBgk=","a9VFUkcMznZ+U0WykKyxbsZjW29NsuNttBr+WmhGhZs=","AzC5l8X7tnsFQGc+QAJfjuFR/3DTFYV67l//yavBOWM=","pLYWU6s9i2HXnfO3I0dPdQ3dkb8aXCdd1BNyelbGFc8=","lNoOVZjbQrdHRoGjrlqbHVYv5ezMuWiBrW/QKFei1nI=","Sw1hIGi9+Sl9jG3B6dblQDqVjjAD0comD5tfsLuFqcI=","8rBTPVc0/zHWXbKCosFiTpk3GSDiTwyvDoeQ9q5OkTs=","HAZWIPXbPEitKWaLgZNAtNh0m4Hec5VLQp2UVZJmy8A=","jAgYozWvF/ttgXAu3UkrMXJxmYIwUYuHBxLtYx9zP6I=","YAYcCzpol4G61k5ifmY9bO8gl8U0AMNi4PbExFSN6IM=","rJlreSSZCY7vgu//u2pc43ljov1Rn5FbzWPgax5/BzQ=","IDHiiZPmq6IMQx594BS4RkJwlbmVoe1Cz3WpXCAfosY=","Ksgq3TvM0c0EmLWeworePxrfDMzoPtsXm1rU4sSkv2s=","6SnZugI9Knc3b2oWcOQJeKw+Wkv/1zjhugp+gbFbOB4=","ahnMJQi/rPYHLIvKLdYhKAbP/AJ5F7BopAduDEu5RXc=","72+J8SdrNw9AQ+RtyXnOxlWDIu8ovtV/KV2Nnl84Rbw=","HNH+Wn5u7SGG1cd7aRQ7/z+lgQBQb3jKm4Ao6cwXZqQ=","r4zAiZf0SovApFTwNMquTa8Bpy6wv/5Bam2+AI0BVDE=","hYHS66RsX4pTxGxpCSo0oAB3OhYjuJS8j27Uwlb/rL8=","WuLQkNbgWMYT/ppZnu/NcPj0OmHnvoGfd/N2siUAQu8=","IO0AucwBKwHDZzfohfPj5vxgVPgppBXg72+NjvIc+VU=","JjuZ4XzI6v9hdOKkiy7d8GhO5WSHGlP6wPBMacaqAwY=","1gyGQOTBAMPFD4xfYqYKXz7P7/KIsN0WUTQTGxK0txk=","XJSKTR7HkEHAXSoC+/qzw1BFY7tT2B1XuXg1aodPK6E=","Em8Zf7LeQimSKRj7xKo4r4DvydAQ3xW4i1MOdyUYrv8=","iCNq1TiFPRMGu25GgmpTb5wR1J8qBMJGcsXYZmjJxv8=","iVP4Mpet4e8Axf+GC53lhihYL78C1w1xYU+JfhWBBqc=","PmnIf+qp1k4hRrzqNVd7zByT/sQGwTC8PQ1ZNLIVbjs=","IZGoZ9iFt4WtyaYN5KfPvZ3rLUiMVmWBJQ8xP+hKKZM=","XW7SWsdZ7Lvsh3gJ23g5ygTnjgZjFuyYRC+UkHoASik=","wBJpKPmbCFUd99F8tyOrqTXtKHafiRizAAVZ045xolU="],"block_size":4096,"path":"ripple.js"},{"block_hashes":["9Rm8JFG2qsDAXRAANdr0OPPtUFgYMpB76+E53msQWVM="],"block_size":4096,"path":"styles/extension.css"},{"block_hashes":["ri2qf06arrk6lfWLETqnca1PQqaSuqlu/Ye6KBNCiU8="],"block_size":4096,"path":"themes/dark/images/device.png"},{"block_hashes":["ceTrmMpx5TEJtqokc3NLRmH95DxZHrLZv7ZR88/X1K8="],"block_size":4096,"path":"themes/dark/images/ui-bg_flat_25_222222_40x100.png"},{"block_hashes":["At7L1/9Yv9H0P/RY3lkY48gY4Wm7rFn42uj7CCkdXUA="],"block_size":4096,"path":"themes/dark/images/ui-bg_flat_30_cccccc_40x100.png"},{"block_hashes":["rpPUOSkpPWA1SeWTqn/7MekFAsOA+zkI7UaVhgIRuaI="],"block_size":4096,"path":"themes/dark/images/ui-bg_flat_50_1e1e1e_40x100.png"},{"block_hashes":["1ePp5BUBokOEpotHtFUzSYl74lfs4iZ68VYUoDrlUuw="],"block_size":4096,"path":"themes/dark/images/ui-bg_glass_40_ffc73d_1x400.png"},{"block_hashes":["+QSpUA9qfJ2/uSSF7Ons3j8xePnGynSmD0OSbS/H99w="],"block_size":4096,"path":"themes/dark/images/ui-bg_highlight-hard_30_5871a3_1x100.png"},{"block_hashes":["12OeFDaqV3rkgv9j08dcKurQPs/Pv3RUfaQDXMJS6rQ="],"block_size":4096,"path":"themes/dark/images/ui-bg_highlight-soft_0_333333_1x100.png"},{"block_hashes":["wyWklbj1VvHArffQ0lxlPHsvX8BTthtMX7Cvac9JNZ0="],"block_size":4096,"path":"themes/dark/images/ui-bg_highlight-soft_10_333333_1x100.png"},{"block_hashes":["BR3bRjMhlE4aGqxA19m6soOYnz5J131p2HO8P7Gjifk="],"block_size":4096,"path":"themes/dark/images/ui-bg_highlight-soft_20_333333_1x100.png"},{"block_hashes":["PLNpbHpr9ynGUMriNtT7ZQHAM+DMEEaOxyw/gD9KgXY="],"block_size":4096,"path":"themes/dark/images/ui-bg_highlight-soft_50_1e1e1e_1x100.png"},{"block_hashes":["I4s85ycLRZwP3v65+vFqHms5cLRX/5xkJk5CP7H4C/M=","Xmam/fmjrRvZ/4plhH1grke1kVKWo9frGnmP4VfBLFI="],"block_size":4096,"path":"themes/dark/images/ui-icons_222222_256x240.png"},{"block_hashes":["EA2VSzlgLVkmmNahTffYhKFSTrmtVm21xWIOnAgcyes=","Xmam/fmjrRvZ/4plhH1grke1kVKWo9frGnmP4VfBLFI="],"block_size":4096,"path":"themes/dark/images/ui-icons_5871a3_256x240.png"},{"block_hashes":["0dcO/dzWUZw1D5p3l3XDf0rJccSihIGJPBb04c6F+fU=","Xmam/fmjrRvZ/4plhH1grke1kVKWo9frGnmP4VfBLFI="],"block_size":4096,"path":"themes/dark/images/ui-icons_a83300_256x240.png"},{"block_hashes":["Mlpv3jJfit61VkgOwqX/6gMbK/itsYUpfoEexTz0ND8=","Xmam/fmjrRvZ/4plhH1grke1kVKWo9frGnmP4VfBLFI="],"block_size":4096,"path":"themes/dark/images/ui-icons_cccccc_256x240.png"},{"block_hashes":["89oA7R2gD7cX8xvipBQg1CNmNiObb90JfZmXaKyGBds=","Xmam/fmjrRvZ/4plhH1grke1kVKWo9frGnmP4VfBLFI="],"block_size":4096,"path":"themes/dark/images/ui-icons_ffffff_256x240.png"},{"block_hashes":["CQMUSn8vuJIr2HSCkCkDiogXaN6aLZrmcEG0p4y8gt4=","D/u9UUc2sJU7tD6tAcGJFsrxd8dRgVgO+5W3nSF4HqI=","uFF+O1s2LchIZ0Rx7WpqEev+F75XNd/iTnBUoW5/zW4=","kqN+83Y9DftP5cYu6Cnd4Sv3ixx+SzW2b+D4sC0iKUM=","r0sOWASK7g4mLkcsPJsobtu8/GGmi5O0ET9NL4TpzE0=","auXMnJ6ZPMmuoDHdlNGBpDenEtYCPXh9/wpBIYuHdlk=","NYg/55O8mohEAPFSuFVNTBD2nCFZT2Kf2WBiyaPbX/U="],"block_size":4096,"path":"themes/dark/theme.css"},{"block_hashes":["1FCEXyCJohlvQ+SPPcv2a46cuBHlzdfxjsd46MHhFw4="],"block_size":4096,"path":"themes/light/images/device.png"},{"block_hashes":["0+OUTUZJRQ3uZqVcae7O0tgltsoaNJ9yx1/TeArj8AY="],"block_size":4096,"path":"themes/light/images/ui-anim_basic_16x16.gif"},{"block_hashes":["moSSpYC/hdPpiuiGH71FVn5aH4Pur8+VdNoDmdX2Aqs="],"block_size":4096,"path":"themes/light/images/ui-bg_flat_0_aaaaaa_40x100.png"},{"block_hashes":["Oat8zZ9Ogledp4qSQSZd8ojY62XbvXz0iu0tASmIffU="],"block_size":4096,"path":"themes/light/images/ui-bg_flat_75_ffffff_40x100.png"},{"block_hashes":["aRWX6KQKiR6pTTWJl27Pwz5hRcSUIkQ7AKwrWgAilkw="],"block_size":4096,"path":"themes/light/images/ui-bg_glass_55_fbf9ee_1x400.png"},{"block_hashes":["8ObNkbg31cVkTQJuX/7M2QeVMxfNXA9omQFzOv2iYLI="],"block_size":4096,"path":"themes/light/images/ui-bg_glass_65_ffffff_1x400.png"},{"block_hashes":["wQj1y/LdnsB6JlMGld3ZXhZkWXzmwFauRMFizC4ozsQ="],"block_size":4096,"path":"themes/light/images/ui-bg_glass_75_dadada_1x400.png"},{"block_hashes":["3fXdTg7ysYXouwr3tukOvnSoQ4TLRwBljnbnVMi/5VA="],"block_size":4096,"path":"themes/light/images/ui-bg_glass_75_e6e6e6_1x400.png"},{"block_hashes":["9vHBvt8aDzfP74HRL18BKGnR7nyYR3WlaYJ6F4TTT1w="],"block_size":4096,"path":"themes/light/images/ui-bg_glass_95_fef1ec_1x400.png"},{"block_hashes":["VCcGVt8HnE2lGCYpoID8YztvhLh5hesBbSWlYOLDjUo="],"block_size":4096,"path":"themes/light/images/ui-bg_highlight-soft_75_cccccc_1x100.png"},{"block_hashes":["I4s85ycLRZwP3v65+vFqHms5cLRX/5xkJk5CP7H4C/M=","Xmam/fmjrRvZ/4plhH1grke1kVKWo9frGnmP4VfBLFI="],"block_size":4096,"path":"themes/light/images/ui-icons_222222_256x240.png"},{"block_hashes":["7wY7UHfshlKVQgJkyZeEL185urUmsEsgk9aYGsK6uSc=","Xmam/fmjrRvZ/4plhH1grke1kVKWo9frGnmP4VfBLFI="],"block_size":4096,"path":"themes/light/images/ui-icons_2e83ff_256x240.png"},{"block_hashes":["aZ7lQalzJaN029jgADJIt+O362fo2PepecfioiJdCRg=","Xmam/fmjrRvZ/4plhH1grke1kVKWo9frGnmP4VfBLFI="],"block_size":4096,"path":"themes/light/images/ui-icons_454545_256x240.png"},{"block_hashes":["I5w8W5NBKgC3yMH0RJFALCKZs0nnaQqIiETWT1RzoJQ=","Xmam/fmjrRvZ/4plhH1grke1kVKWo9frGnmP4VfBLFI="],"block_size":4096,"path":"themes/light/images/ui-icons_888888_256x240.png"},{"block_hashes":["r2m7RemVe4lVHEDuQHK5q3oXtC3sKjTJ1MOICs8+D9M=","Xmam/fmjrRvZ/4plhH1grke1kVKWo9frGnmP4VfBLFI="],"block_size":4096,"path":"themes/light/images/ui-icons_cd0a0a_256x240.png"},{"block_hashes":["/P6lregl/BPSlvqjLfdKSNOO/jhxqrmIU4ewZi60vGY=","8qc0woZPvVWVn44L/6R1LncGmMeZflHOerkhc1NqwSg=","iKM2WJPBEuraf54vaJkDIC4dULko4tbDaWfNUwvMpds=","wchHqJFGDCpGcd/8JtvzhsnAhcUsRWwotNd+gTKoh70=","jTgVTo7E57Z27h/X7qA+mXZq9aRWwKTW3JRo+BvJ/HI=","5sTyI09ZM8SJO/HXN5frcwOJwYbuP6UfO0vjikwZzQ0=","KCimXeuNS9QaDxbKSAS7KKqtYtjm7HuLH5uHnKRlRgs="],"block_size":4096,"path":"themes/light/theme.css"},{"block_hashes":["WncYZAxPdaGLTdHDQWbZDQrEb9ifBVHTcSupFeBaKi0=","09pUkvS8du5wqZ4W3YJXrkVRZZSp82TQ+CqFgmIJ3hU=","cK9Z2fwshg+QWoerG1OGDiwhQM5YqjnuCBjj9ZWc0MM=","iZ8k0QptkjXGodEMEjw8/b9mAzJ93pt0xaIaMDKPDX8=","gfMnN7e4B+5rpWBVlMNwXq4n4xUCg7P1l0wQaqYLJLA=","geuArtLUaOLR/PhDqLjXmzsYIAb7jwGu1ZX+PrKBWpk=","KMmmh6O4RjxEA5jBm3t6USJxHvhIFN9jmLXFcN3ulLw=","d1Q02l7hsu04jgXc6cIAw1Qs42y7gMVcSOGMB86JLQI=","9MUSmyYyqjWPHMoWoIXmpNobvUHOBWBgeyXdyI+IX/4=","MK6m/xT76KS7nmvPbGy90u+F4O95uAtqHDm9I6C5XE0=","aF9lk8vSJrWLBEXQUzKUA7Qqkn/N6c6OFviAiH5Xv+A=","PLZtYrswD5IfJRhsObtuPFyqKhGKRD5veJlZdpmr054=","7y0TvcnFOcQGC+nvWwn/6IRcs5JEwqaWRL/zbDLNd9A=","ARMjkBPljHErvRvBhamSv9YD8TSLeREOtAiwVbpK2Zg=","ypAipHaIyEq6oFTt7V2w74shl47E6RCtxkixRIOn1Hc=","1FuF+jQkdM86oQmsrQD+VErvrEE6/Dkwe9cQiWzx+kA=","ARvPTY4Qd96qDBf0k2VhidhZ69xT7LhrWsaS4KGt9nA=","YCquNoSZ4I/scU8Qc49+6bH1TN7JQeuDblkL9eAHPKo=","EgjIXx/SQOEbi0xJTgX1NsKTwT5nWyRdYu7IrvhfFnQ=","fohfpzSgUBJSD5Ur0bBCeBkGt0rEB2ly7RYpEiRkQ74=","l/htqthAiT1u0u+R/2JH1ZeGUR007jreQ9ZJQbeHcfM=","p2bkdgJPrO/GndNt7E/QMyQQal9qcuVCEANh+7Mti6o=","M7A7TmtLCetgHgEfal4whpsqB5R+5D/IpvoxNAMHsIo=","YdgEXqcoI1p9Vi8ZxFkXMihnGCKyUk8fBuosBieXH+s=","63cC3ZBEdP0lJ3k7U3o8x8lQEqQCFPu3B1bl2NpKnYI=","N6pWSP8ppO9XUCyUN8UUA58/nOccRqyWkMiZZKYm5As=","elL5wVaJhpjaN++hsWAhZuhZGm994bdst9vgdezNXrE=","425n8FoE3rjUBFRaCBwJtmF0wOIOt994sEvz4K8CXA4=","nLaz1O83P2iIPCGvNzHSyx7iduJe6W9Rdu64mtJ5zsU=","ETbdiRY0VW76t3jI6vdbw77Y8NygbGQUEpMas0vu22M="],"block_size":4096,"path":"ui.html"},{"block_hashes":["QQPYZ+EI04lKCe3GTvuTse5hMWasToCZ+x+t+CuKXVE="],"block_size":4096,"path":"views/background.html"},{"block_hashes":["p+l5iCjNTfeqLB1Auv0CFO3Z87FV7AK5f/syRpwlO/A="],"block_size":4096,"path":"views/popup.html"},{"block_hashes":["3WK2pbDZanWiVGwQgqTJRL5ajo8BN8b0lMrPYOIfxi0="],"block_size":4096,"path":"views/update.html"}],"version":2}